{
  "rewards": {
    "function": "hardness:mobs/player_hurt_mob/spider_underground"
  },
  "criteria": {
    "requirement": {
      "trigger": "minecraft:player_hurt_entity",
      "conditions": {
        "damage": {
          "type": {
            "is_explosion": false,
            "is_projectile": false,
            "is_lightning": false,
            "is_magic": false
          }
        },
        "entity": {
          "type": "minecraft:spider",
          "location": {
            "position": {
              "y": {
                "min": 1,
                "max": 40
              }
            }
          }
        }
      }
    }
  }
}