{
  "type": "minecraft:chest",
  "pools": [
    {
      "rolls": 1,
      "entries": [
        {
          "type": "minecraft:item",
          "name": "minecraft:sea_lantern",
          "functions": [
            {
              "function": "minecraft:set_count",
              "count": {
                "min": 6,
                "max": 25
              }
            }
          ]
        }
      ]
    },
    {
      "rolls": {
        "min": 1,
        "max": 3
      },
      "entries": [
        {
          "type": "minecraft:item",
          "name": "minecraft:prismarine_bricks",
          "functions": [
            {
              "function": "minecraft:set_count",
              "count": {
                "min": 40,
                "max": 128
              }
            }
          ]
        },
        {
          "type": "minecraft:item",
          "name": "minecraft:prismarine",
          "functions": [
            {
              "function": "minecraft:set_count",
              "count": {
                "min": 40,
                "max": 128
              }
            }
          ]
        },
        {
          "type": "minecraft:item",
          "name": "minecraft:dark_prismarine",
          "functions": [
            {
              "function": "minecraft:set_count",
              "count": {
                "min": 40,
                "max": 128
              }
            }
          ]
        }
      ]
    },
    {
      "rolls": 1,
      "entries": [
        {
          "type": "minecraft:item",
          "name": "minecraft:gold_ingot",
          "functions": [
            {
              "function": "minecraft:set_count",
              "count": {
                "min": 9,
                "max": 16
              }
            }
          ]
        },
        {
          "type": "minecraft:item",
          "name": "minecraft:gold_block",
          "functions": [
            {
              "function": "minecraft:set_count",
              "count": {
                "min": 1,
                "max": 6
              }
            }
          ]
        }
      ]
    },
    {
      "rolls": 1,
      "entries": [
        {
          "type": "minecraft:item",
          "name": "minecraft:trident",
          "functions": [
            {
              "function": "minecraft:enchant_with_levels",
              "levels": {
                "min": 20,
                "max": 39
              },
              "treasure": true,
              "conditions": [
                {
                  "condition": "minecraft:random_chance",
                  "chance": 0.6
                }
              ]
            },
            {
              "function": "minecraft:set_damage",
              "damage": {
                "min": 0,
                "max": 1
              },
              "conditions": [
                {
                  "condition": "minecraft:random_chance",
                  "chance": 0.8
                }
              ]
            }
          ],
          "conditions": [
            {
              "condition": "minecraft:random_chance",
              "chance": 0.25
            }
          ]
        }
      ]
    }
  ]
}