{
    "display": {
        "title": {
            "text": "Tuff Limbs"
        },
        "description": {
            "text": "One hit kill the unkillable cave spider!"
        },
        "icon": {
            "item": "minecraft:cave_spider_spawn_egg"
        },
        "frame": "challenge",
        "show_toast": true,
        "announce_to_chat": true,
        "hidden": false
    },
    "parent": "custom:story/crawlers_lair",
    "criteria": {
        "kill poison eyes": {
            "trigger": "minecraft:player_killed_entity",
            "conditions": {
                "entity": {
                    "type": "minecraft:cave_spider",
                    "nbt": "{Tags:[\"dnl.hardshell_cave_spider\"]}",
                    "distance": {
                        "absolute": {
                            "min": 0,
                            "max": 64
                        }
                    }
                }
            }
        }
    }
}
