{
  "display": {
    "icon": {
      "item": "minecraft:iron_ingot"
    },
    "title": {
      "text": "Iron Heart"
    },
    "description": {
      "text": "Craft the Golem Heart Armor and get the iron body"
    },
    "frame": "task",
    "show_toast": true,
    "announce_to_chat": true,
    "hidden": false
  },
  "parent": "custom:story/daily_maintenance",
  "criteria": {
    "craft golem heart armor": {
      "trigger": "minecraft:inventory_changed",
      "conditions": {
        "items": [
          {
            "item": "minecraft:iron_chestplate",
            "nbt": "{display:{Name:'{\"text\":\"Golem Heart Chestplate\",\"color\":\"gold\",\"italic\":false}'}}"
          }
        ]
      }
    }
  }
}
