{
  "pools": [
    {
      "rolls": 1,
      "entries": [
        {
          "type": "minecraft:item",
          "name": "minecraft:diamond_sword",
          "functions": [
            {
              "function": "minecraft:set_lore",
              "lore": [
                {
                  "translate": "Freezes souls to the core",
                  "color": "#0055aa",
                  "italic": false
                }
              ]
            },
            {
              "function": "minecraft:set_nbt",
              "tag": "{CustomModelData:1027,Weapon:1}"
            },
            {
              "function": "minecraft:set_name",
              "name": {
                "translate": "Chilling Blade",
                "color": "#0088ff",
                "italic": false
              }
            }
          ]
        }
      ]
    }
  ]
}