{
  "pools": [
    {
      "rolls": 1,
      "entries": [
        {
          "type": "minecraft:item",
          "name": "minecraft:diamond_pickaxe",
          "functions": [
            {
              "function": "minecraft:set_nbt",
              "tag": "{Weapon:3,CustomModelData:1111}"
            },
            {
              "function": "minecraft:set_name",
              "name": {
                "translate": "Hefty Pickaxe",
                "color": "#990025",
                "italic": false
              }
            }
          ]
        }
      ]
    }
  ]
}