{
  "pools": [
    {
      "rolls": 1,
      "entries": [
        {
          "type": "minecraft:item",
          "name": "minecraft:netherite_sword",
          "functions": [
            {
              "function": "minecraft:set_attributes",
              "modifiers": [
                {
                  "attribute": "minecraft:generic.attack_speed",
                  "name": "d",
                  "amount": -0.45,
                  "operation": "multiply_base",
                  "slot": "mainhand"
                },
                {
                  "attribute": "minecraft:generic.attack_damage",
                  "name": "d",
                  "amount": {
                    "min": 15,
                    "max": 22
                  },
                  "operation": "addition",
                  "slot": "mainhand"
                }
              ]
            },
            {
              "function": "minecraft:set_lore",
              "entity": "this",
              "lore": [
                {
                  "translate": "Drains the life of its wielder",
                  "color": "#990000",
                  "italic": true
                },
                {
                  "translate": "to inflict massive damage",
                  "color": "#990000",
                  "italic": true
                }
              ]
            },
            {
              "function": "minecraft:set_name",
              "entity": "this",
              "name": {
                "translate": "Greatsword of Sacrifice",
                "color": "#ff0000",
                "italic": false
              }
            },
            {
              "function": "minecraft:set_nbt",
              "tag": "{CustomModelData:1024,Weapon:7}"
            }
          ]
        }
      ]
    }
  ]
}