{
  "pools": [
    {
      "rolls": 1,
      "entries": [
        {
          "type": "minecraft:item",
          "name": "minecraft:trident",
          "functions": [
            {
              "function": "minecraft:set_lore",
              "lore": [
                {
                  "translate": "Feel its electrical power",
                  "color": "#4400aa",
                  "italic": true
                }
              ]
            },
            {
              "function": "minecraft:set_name",
              "entity": "this",
              "name": {
                "translate": "Voltaic Trident",
                "color": "#8844ff",
                "italic": false
              }
            },
            {
              "function": "minecraft:set_nbt",
              "tag": "{CustomModelData:1002,Weapon:10,Enchantments:[{id:\"loyalty\",lvl:1}]}"
            }
          ]
        }
      ]
    }
  ]
}