{
  "pools": [
    {
      "rolls": 1,
      "entries": [
        {
          "type": "minecraft:item",
          "name": "minecraft:golden_sword",
          "functions": [
            {
              "function": "minecraft:set_nbt",
              "tag": "{CustomModelData:1026,Weapon:2,Enchantments:[{id:\"unbreaking\",lvl:8},{id:\"mending\",lvl:1}]}"
            },
            {
              "function": "minecraft:set_name",
              "name": {
                "translate": "Withersbane",
                "color": "#ffee99",
                "italic": false
              }
            }
          ]
        }
      ]
    }
  ]
}