{
  "type": "minecraft:block",
  "pools": [
    {
      "rolls": 1.0,
      "bonus_rolls": 0.0,
      "entries": [
        {
          "type": "minecraft:alternatives",
          "children": [
            {
              "type": "minecraft:item",
              "conditions": [
                {
                  "condition": "minecraft:block_state_property",
                  "block": "minecraft:cake",
                  "properties": {
                    "bites": "0"
                  }
                }
              ],
              "name": "minecraft:cake"
            },
            {
              "type": "minecraft:empty"
            }
          ]
        }
      ]
    }
  ]
}