{
  "type": "minecraft:block",
  "pools": [
    {
      "rolls": 1,
      "bonus_rolls": 0.0,
      "entries": [

            {
              "type": "minecraft:empty",
              "weight": 25
            },
            {
              "type": "minecraft:item",
              "weight": 5,
              "name": "minecraft:diamond"
            },
            {
              "type": "minecraft:item",
              "weight": 5,
              "name": "minecraft:golden_apple"
            }
      ]
    },
    {
      "rolls": 2,
      "bonus_rolls": 0.0,
      "entries": [
            {
              "type": "minecraft:item",
              "functions": [
                {
                  "function": "minecraft:set_count",
                  "count": {
                    "min": 2.0,
                    "max": 4.0,
                    "type": "minecraft:uniform"
                  }
                },
                {
                  "function": "minecraft:apply_bonus",
                  "enchantment": "minecraft:fortune",
                  "formula": "minecraft:ore_drops"
                }
              ],
              "name": "minecraft:lapis_lazuli"
            }
      ]
    }
  ]
}