{
  "type": "minecraft:block",
  "pools": [
    {
      "rolls": 1.0,
      "bonus_rolls": 0.0,
      "entries": [
        {
          "type": "minecraft:alternatives",
          "children": [
            {
              "type": "minecraft:item",
              "conditions": [
                {
                  "condition": "minecraft:block_state_property",
                  "block": "minecraft:wheat",
                  "properties": {
                    "age": "7"
                  }
                }
              ],
              "name": "minecraft:wheat"
            },
            {
              "type": "minecraft:item",
              "name": "minecraft:wheat_seeds"
            }
          ]
        }
      ]
    },
    {
      "rolls": 1.0,
      "bonus_rolls": 0.0,
      "entries": [
        {
          "type": "minecraft:item",
          "functions": [
            {
              "function": "minecraft:set_count",
              "count": {
                "min": 1.0,
                "max": 2.0,
                "type": "minecraft:uniform"
              }
            }
          ],
          "name": "minecraft:wheat_seeds"
        }
      ],
      "conditions": [
        {
          "condition": "minecraft:block_state_property",
          "block": "minecraft:wheat",
          "properties": {
            "age": "7"
          }
        }
      ]
    },
    {
      "rolls": 1,
      "bonus_rolls": 0,
      "entries": [
        {
          "type": "minecraft:item",
          "name": "minecraft:wheat"
        }
      ],
      "conditions": [
        {
          "condition": "minecraft:table_bonus",
          "enchantment": "minecraft:fortune",
          "chances": [
            0.3,
            0.6,
            0.8,
            1
          ]
        },
        {
          "condition": "minecraft:alternative",
          "terms": [
            {
              "condition": "minecraft:match_tool",
              "predicate": {
                "item": "minecraft:netherite_hoe"
              }
            },
            {
              "condition": "minecraft:match_tool",
              "predicate": {
                "item": "minecraft:diamond_hoe"
              }
            },
            {
              "condition": "minecraft:match_tool",
              "predicate": {
                "item": "minecraft:iron_hoe"
              }
            },
            {
              "condition": "minecraft:match_tool",
              "predicate": {
                "item": "minecraft:golden_hoe"
              }
            },
            {
              "condition": "minecraft:match_tool",
              "predicate": {
                "item": "minecraft:stone_hoe"
              }
            },
            {
              "condition": "minecraft:match_tool",
              "predicate": {
                "item": "minecraft:wooden_hoe"
              }
            }
          ]
        },
        {
          "condition": "minecraft:block_state_property",
          "block": "minecraft:wheat",
          "properties": {
            "age": "7"
          }
        }
      ]
    }
  ],
  "functions": [
    {
      "function": "minecraft:explosion_decay"
    }
  ]
}