{
  "type": "minecraft:entity",
  "pools": [
    {
      "rolls": 1,
      "bonus_rolls": 0.0,
      "entries": [
        {
          "type": "minecraft:item",
          "name": "minecraft:glass_bottle"
        },
        {
          "type": "minecraft:item",
          "name": "minecraft:milk_bucket"
        },
        {
          "type": "minecraft:item",
          "name": "minecraft:emerald"
        },
        {
          "type": "minecraft:item",
          "name": "minecraft:emerald"
        },
        {
          "type": "minecraft:item",
          "name": "minecraft:emerald"
        }
      ]
    },
    {
      "rolls": 1,
      "bonus_rolls": 0.0,
      "entries": [
	{
          "type": "minecraft:item",
          "functions": [
            {
              "function": "minecraft:exploration_map",
              "destination": "village",
              "decoration": "banner_lime",
              "zoom": 2,
              "skip_existing_chunks": true
            },
            {
                "function": "set_name",
		"name": "Wanderer's Village Map"
            }
          ],
          "name": "minecraft:map"
        }
      ],
      "conditions": [
        {
          "condition": "minecraft:random_chance_with_looting",
          "chance": 0.3,
          "looting_multiplier": 0.1
        }
      ]
    }
  ]
}