{
  "type": "minecraft:fishing",
  "pools": [
    {
      "rolls": 1.0,
      "bonus_rolls": 0.0,
      "entries": [
        {
          "type": "minecraft:item",
          "weight": 55,
          "name": "minecraft:cod"
        },
        {
          "type": "minecraft:item",
          "weight": 25,
          "name": "minecraft:salmon"
        },
        {
          "type": "minecraft:item",
          "weight": 10,
          "name": "minecraft:tropical_fish"
        },
        {
          "type": "minecraft:item",
          "weight": 7,
          "name": "minecraft:pufferfish"
        },
        {
          "type": "minecraft:item",
          "weight": 7,
          "name": "minecraft:kelp"
        }
      ]
    }
  ]
}