{
  "type": "minecraft:fishing",
  "pools": [
    {
      "rolls": 1.0,
      "bonus_rolls": 0.0,
      "entries": [
        {
          "type": "minecraft:item",
          "weight": 1,
          "functions": [
            {
              "function": "minecraft:set_nbt",
              "tag": "{Potion:\"minecraft:water_breathing\"}"
            }
          ],
          "name": "minecraft:lingering_potion"
        },
        {
          "type": "minecraft:item",
          "weight": 1,
          "functions": [
            {
              "function": "minecraft:set_nbt",
              "tag": "{Potion:\"minecraft:water_breathing\"}"
            }
          ],
          "name": "minecraft:tipped_arrow"
        },
        {
          "type": "minecraft:item",
          "weight": 12,
          "name": "minecraft:nautilus_shell"
        },
        {
          "type": "minecraft:item",
          "weight": 10,
          "name": "minecraft:gold_ingot"
        },
        {
          "type": "minecraft:item",
          "weight": 1,
          "functions": [
            {
                "function": "set_name",
		"name": "Soggy cake"
            }
          ],
          "name": "minecraft:cake"
        },
        {
          "type": "minecraft:item",
          "weight": 2,
          "name": "minecraft:pufferfish_bucket"
        },
        {
          "type": "minecraft:item",
          "weight": 1,
          "name": "minecraft:dead_brain_coral"
        },
        {
          "type": "minecraft:item",
          "weight": 1,
          "name": "minecraft:dead_bubble_coral"
        },
        {
          "type": "minecraft:item",
          "weight": 1,
          "name": "minecraft:dead_fire_coral"
        },
        {
          "type": "minecraft:item",
          "weight": 1,
          "name": "minecraft:dead_horn_coral"
        },
        {
          "type": "minecraft:item",
          "weight": 1,
          "name": "minecraft:dead_tube_coral"
        },
        {
          "type": "minecraft:item",
          "weight": 3,
          "name": "minecraft:prismarine_shard"
        },
        {
          "type": "minecraft:item",
          "weight": 3,
          "name": "minecraft:prismarine_crystals"
        },
        {
          "type": "minecraft:item",
          "weight": 15,
          "name": "minecraft:name_tag"
        },
        {
          "type": "minecraft:item",
          "weight": 18,
          "name": "minecraft:saddle"
        },
        {
          "type": "minecraft:item",
          "weight": 3,
          "name": "minecraft:music_disc_wait"
        },
	{
          "type": "minecraft:item",
          "weight": 4,
          "functions": [
            {
              "function": "minecraft:exploration_map",
              "destination": "shipwreck",
              "decoration": "blue_marker",
              "zoom": 3,
              "skip_existing_chunks": true
            },
            {
                "function": "set_name",
		"name": "Old Nautical Chart"
            }
          ],
          "name": "minecraft:map"
        },
	{
          "type": "minecraft:item",
          "weight": 4,
          "functions": [
            {
              "function": "minecraft:exploration_map",
              "destination": "ocean_ruin",
              "decoration": "banner_gray",
              "zoom": 1,
              "skip_existing_chunks": true
            },
            {
                "function": "set_name",
		"name": "Ancient Explorer Map"
            }
          ],
          "name": "minecraft:map"
        },
	{
          "type": "minecraft:item",
          "weight": 2,
          "functions": [
            {
              "function": "minecraft:exploration_map",
              "destination": "ruined_portal",
              "decoration": "banner_gray",
              "zoom": 1,
              "skip_existing_chunks": true
            },
            {
                "function": "set_name",
		"name": "Ancient Explorer Map"
            }
          ],
          "name": "minecraft:map"
        },
	{
          "type": "minecraft:item",
          "weight": 2,
          "functions": [
            {
              "function": "minecraft:exploration_map",
              "destination": "jungle_pyramid",
              "decoration": "target_x",
              "zoom": 3,
              "skip_existing_chunks": true
            },
            {
                "function": "set_name",
		"name": "Jungle Explorer Map"
            }
          ],
          "name": "minecraft:map"
        },
	{
          "type": "minecraft:item",
          "weight": 2,
          "functions": [
            {
              "function": "minecraft:exploration_map",
              "destination": "desert_pyramid",
              "decoration": "target_point",
              "zoom": 3,
              "skip_existing_chunks": true
            },
            {
                "function": "set_name",
		"name": "Ancient Explorer Map"
            }
          ],
          "name": "minecraft:map"
        },
	{
          "type": "minecraft:item",
          "weight": 1,
          "functions": [
            {
              "function": "minecraft:exploration_map",
              "destination": "village",
              "decoration": "banner_lime",
              "zoom": 2,
              "skip_existing_chunks": true
            },
            {
                "function": "set_name",
		"name": "Wanderer's Village Map"
            }
          ],
          "name": "minecraft:map"
        },
	{
          "type": "minecraft:item",
          "weight": 2,
          "functions": [
            {
              "function": "minecraft:exploration_map",
              "destination": "monument",
              "decoration": "monument",
              "zoom": 3,
              "skip_existing_chunks": false
            }
          ],
          "name": "minecraft:map"
        },
        {
          "type": "minecraft:item",
          "weight": 8,
          "functions": [
            {
              "function": "minecraft:set_damage",
              "damage": {
                "type": "minecraft:uniform",
                "min": 0.0,
                "max": 0.5
              }
            },
            {
              "function": "minecraft:enchant_with_levels",
              "levels": 16,
              "treasure": true
            }
          ],
          "name": "minecraft:bow"
        },
        {
          "type": "minecraft:item",
          "weight": 3,
          "functions": [
            {
              "function": "minecraft:set_damage",
              "damage": {
                "type": "minecraft:uniform",
                "min": 0.0,
                "max": 0.2
              }
            },
            {
              "function": "minecraft:enchant_with_levels",
              "levels": 32,
              "treasure": true
            }
          ],
          "name": "minecraft:bow"
        },
        {
          "type": "minecraft:item",
          "weight": 7,
          "functions": [
            {
              "function": "minecraft:set_damage",
              "damage": {
                "type": "minecraft:uniform",
                "min": 0.1,
                "max": 0.35
              }
            },
            {
              "function": "minecraft:enchant_with_levels",
              "levels": 30,
              "treasure": true
            }
          ],
          "name": "minecraft:fishing_rod"
        },
        {
          "type": "minecraft:item",
          "weight": 5,
          "functions": [
            {
              "function": "minecraft:set_damage",
              "damage": {
                "type": "minecraft:uniform",
                "min": 0.0,
                "max": 0.5
              }
            },
            {
              "function": "minecraft:enchant_with_levels",
              "levels": 15,
              "treasure": true
            }
          ],
          "name": "minecraft:fishing_rod"
        },
        {
          "type": "minecraft:item",
          "weight": 5,
          "functions": [
            {
              "function": "minecraft:enchant_with_levels",
              "levels": 20,
              "treasure": true
            }
          ],
          "name": "minecraft:book"
        },
        {
          "type": "minecraft:item",
          "conditions": [
            {
              "condition": "minecraft:alternative",
              "terms": [
                {
                  "condition": "minecraft:location_check",
                  "predicate": {
                    "biome": "minecraft:beach"
                  }
                },
                {
                  "condition": "minecraft:location_check",
                  "predicate": {
                    "biome": "minecraft:ocean"
                  }
                },
                {
                  "condition": "minecraft:location_check",
                  "predicate": {
                    "biome": "minecraft:frozen_ocean"
                  }
                },
                {
                  "condition": "minecraft:location_check",
                  "predicate": {
                    "biome": "minecraft:warm_ocean"
                  }
                },
                {
                  "condition": "minecraft:location_check",
                  "predicate": {
                    "biome": "minecraft:cold_ocean"
                  }
                },
                {
                  "condition": "minecraft:location_check",
                  "predicate": {
                    "biome": "minecraft:lukewarm_ocean"
                  }
                },
                {
                  "condition": "minecraft:location_check",
                  "predicate": {
                    "biome": "minecraft:deep_ocean"
                  }
                },
                {
                  "condition": "minecraft:location_check",
                  "predicate": {
                    "biome": "minecraft:deep_warm_ocean"
                  }
                },
                {
                  "condition": "minecraft:location_check",
                  "predicate": {
                    "biome": "minecraft:deep_cold_ocean"
                  }
                },
                {
                  "condition": "minecraft:location_check",
                  "predicate": {
                    "biome": "minecraft:deep_lukewarm_ocean"
                  }
                }
              ]
            }
          ],
          "weight": 3,
          "functions": [
            {
              "function": "minecraft:enchant_with_levels",
              "levels": 60,
              "treasure": true
            }
          ],
          "name": "minecraft:book"
        },
        {
          "type": "minecraft:item",
          "conditions": [
            {
              "condition": "minecraft:alternative",
              "terms": [
                {
                  "condition": "minecraft:location_check",
                  "predicate": {
                    "biome": "minecraft:ocean"
                  }
                },
                {
                  "condition": "minecraft:location_check",
                  "predicate": {
                    "biome": "minecraft:warm_ocean"
                  }
                },
                {
                  "condition": "minecraft:location_check",
                  "predicate": {
                    "biome": "minecraft:cold_ocean"
                  }
                },
                {
                  "condition": "minecraft:location_check",
                  "predicate": {
                    "biome": "minecraft:lukewarm_ocean"
                  }
                },
                {
                  "condition": "minecraft:location_check",
                  "predicate": {
                    "biome": "minecraft:deep_ocean"
                  }
                },
                {
                  "condition": "minecraft:location_check",
                  "predicate": {
                    "biome": "minecraft:deep_warm_ocean"
                  }
                },
                {
                  "condition": "minecraft:location_check",
                  "predicate": {
                    "biome": "minecraft:deep_cold_ocean"
                  }
                },
                {
                  "condition": "minecraft:location_check",
                  "predicate": {
                    "biome": "minecraft:deep_lukewarm_ocean"
                  }
                }
              ]
            }
          ],
          "weight": 2,
          "functions": [
            {
              "function": "minecraft:set_damage",
              "damage": {
                "type": "minecraft:uniform",
                "min": 0.0,
                "max": 0.2
              }
            }
          ],
          "name": "minecraft:trident"
        }
      ]
    }
  ]
}