{
  "type": "minecraft:chest",
  "pools": [
    {
      "rolls": {
        "min": 5.0,
        "max": 8.0,
        "type": "minecraft:uniform"
      },
      "bonus_rolls": 0.0,
      "entries": [
        {
          "type": "minecraft:item",
          "weight": 12,
          "name": "minecraft:cooked_cod"
        },
        {
          "type": "minecraft:item",
          "weight": 10,
          "name": "minecraft:cooked_salmon"
        },
        {
          "type": "minecraft:item",
          "weight": 1,
          "name": "minecraft:skull_banner_pattern"
        }
      ]
    },
    {
      "rolls": {
        "min": 2.0,
        "max": 5.0,
        "type": "minecraft:uniform"
      },
      "bonus_rolls": 0.0,
      "entries": [
        {
          "type": "minecraft:item",
          "name": "minecraft:nautilus_shell"
        }
      ]
    },
    {
      "rolls": {
        "min": 0.0,
        "max": 1.0,
        "type": "minecraft:uniform"
      },
      "bonus_rolls": 0.0,
      "entries": [
        {
          "type": "minecraft:item",
          "name": "minecraft:diamond"
        }
      ]
    },
    {
      "rolls": {
        "min": 2.0,
        "max": 3.0,
        "type": "minecraft:uniform"
      },
      "bonus_rolls": 0.0,
      "entries": [
        {
          "type": "minecraft:item",
          "name": "minecraft:leather_chestplate"
        },
        {
          "type": "minecraft:item",
          "name": "minecraft:leather_boots"
        },
        {
          "type": "minecraft:item",
          "name": "minecraft:leather_helmet"
        },
        {
          "type": "minecraft:item",
          "name": "minecraft:leather_horse_armor"
        },
        {
          "type": "minecraft:item",
          "name": "minecraft:book"
        },
        {
          "type": "minecraft:item",
          "name": "minecraft:saddle"
        }
      ]
    },
    {
      "rolls": {
        "min": 1.0,
        "max": 3.0,
        "type": "minecraft:uniform"
      },
      "bonus_rolls": 0.0,
      "entries": [
        {
          "type": "minecraft:item",
          "functions": [
            {
              "function": "minecraft:set_count",
              "count": {
                "min": 1.0,
                "max": 4.0,
                "type": "minecraft:uniform"
              }
            }
          ],
          "name": "minecraft:gold_ingot"
        }
      ]
    },
    {
      "rolls": {
        "min": 1.0,
        "max": 3.0,
        "type": "minecraft:uniform"
      },
      "bonus_rolls": 0.0,
      "entries": [
        {
          "type": "minecraft:item",
          "functions": [
            {
              "function": "minecraft:set_count",
              "count": {
                "min": 1.0,
                "max": 2.0,
                "type": "minecraft:uniform"
              }
            }
          ],
          "name": "minecraft:lapis_lazuli"
        }
      ]
    },
    {
      "rolls": {
        "min": 1.0,
        "max": 3.0,
        "type": "minecraft:uniform"
      },
      "bonus_rolls": 0.0,
      "entries": [
        {
          "type": "minecraft:item",
          "functions": [
            {
              "function": "minecraft:set_count",
              "count": {
                "min": 1.0,
                "max": 4.0,
                "type": "minecraft:uniform"
              }
            }
          ],
          "name": "minecraft:prismarine_crystals"
        }
      ]
    },
    {
      "rolls": {
        "min": 1.0,
        "max": 3.0,
        "type": "minecraft:uniform"
      },
      "bonus_rolls": 0.0,
      "entries": [
        {
          "type": "minecraft:item",
          "functions": [
            {
              "function": "minecraft:set_count",
              "count": {
                "min": 1.0,
                "max": 6.0,
                "type": "minecraft:uniform"
              }
            }
          ],
          "name": "minecraft:emerald"
        }
      ]
    },
    {
      "rolls": 1,
      "bonus_rolls": 0.0,
      "entries": [
        {
          "type": "minecraft:item",
          "weight": 8,
          "name": "minecraft:diamond"
        },
        {
          "type": "minecraft:item",
          "weight": 3,
          "functions": [
            {
              "function": "minecraft:set_nbt",
              "tag": "{Potion:\"minecraft:water_breathing\"}"
            }
          ],
          "name": "minecraft:potion"
        },
        {
          "type": "minecraft:item",
          "weight": 3,
          "name": "minecraft:music_disc_cat"
        }
      ]
    },
    {
      "rolls": 1,
      "bonus_rolls": 0.0,
      "entries": [
	{
          "type": "minecraft:item",
          "weight": 3,
          "functions": [
            {
              "function": "minecraft:exploration_map",
              "destination": "ocean_ruin",
              "decoration": "banner_gray",
              "zoom": 1,
              "skip_existing_chunks": false
            },
            {
                "function": "set_name",
		"name": "Ruins Explorer Map"
            }
          ],
          "name": "minecraft:map"
        },
	{
          "type": "minecraft:item",
          "weight": 1,
          "functions": [
            {
              "function": "minecraft:exploration_map",
              "destination": "ruined_portal",
              "decoration": "banner_gray",
              "zoom": 1,
              "skip_existing_chunks": false
            },
            {
                "function": "set_name",
		"name": "Ruins Explorer Map"
            }
          ],
          "name": "minecraft:map"
        },
	{
          "type": "minecraft:item",
          "weight": 1,
          "functions": [
            {
              "function": "minecraft:exploration_map",
              "destination": "jungle_pyramid",
              "decoration": "target_x",
              "zoom": 3,
              "skip_existing_chunks": false
            },
            {
                "function": "set_name",
		"name": "Jungle Explorer Map"
            }
          ],
          "name": "minecraft:map"
        },
	{
          "type": "minecraft:item",
          "weight": 10,
          "functions": [
            {
              "function": "minecraft:exploration_map",
              "destination": "monument",
              "decoration": "monument",
              "zoom": 3,
              "skip_existing_chunks": false
            }
          ],
          "name": "minecraft:map"
        }
      ]
    },
    {
      "rolls": {
        "min": 2.0,
        "max": 3.0,
        "type": "minecraft:uniform"
      },
      "bonus_rolls": 0.0,
      "entries": [
        {
          "type": "minecraft:item",
          "name": "minecraft:compass"
        },
        {
          "type": "minecraft:item",
          "functions": [
            {
              "function": "minecraft:set_count",
              "count": {
                "min": 3.0,
                "max": 4.0,
                "type": "minecraft:uniform"
              }
            }
          ],
          "name": "minecraft:tnt"
        }
      ]
    },
    {
      "rolls": {
        "min": 1.0,
        "max": 2.0,
        "type": "minecraft:uniform"
      },
      "bonus_rolls": 0.0,
      "entries": [
        {
          "type": "minecraft:item",
          "weight": 3,
          "name": "minecraft:iron_sword"
        },
        {
          "type": "minecraft:item",
          "weight": 5,
          "functions": [
            {
              "function": "minecraft:set_count",
              "count": {
                "min": 3.0,
                "max": 12.0,
                "type": "minecraft:uniform"
              }
            }
          ],
          "name": "minecraft:iron_ingot"
        },
        {
          "type": "minecraft:item",
          "weight": 3,
          "name": "iron_sword",
          "functions": [
            {
              "function": "minecraft:set_attributes",
              "modifiers": [
                {
                  "attribute": "generic.attack_speed",
                  "name": "Attack Speed",
                  "amount": -1.0,
                  "operation": "addition",
                  "slot": "mainhand"
                },
                {
                  "attribute": "generic.attack_damage",
                  "name": "Attack Damage",
                  "amount": 5.0,
                  "operation": "addition",
                  "slot": "mainhand"
                }
              ]
            },
            {
              "function": "minecraft:set_nbt",
              "tag": "{HideFlags:2, CustomModelData:101,repairCost:99,Tags:[\"Artifact\"]}"
            },
            {
              "function": "minecraft:set_name",
              "name": "§r§eIron Short Sword",
              "entity": "this"
            },
            {
              "function": "minecraft:set_lore",
              "lore": [
                "§7Unrepairable",
                "",
                "§7When in main hand:",
                "§2 6 Attack Damage",
                "§2 3 Attack Speed"
              ],
              "entity": "this"
            }
          ]
        }
      ]
    }
  ]
}