{
  "type": "minecraft:chest",
  "pools": [
    {
      "rolls": {
        "min": 1.0,
        "max": 2.0,
        "type": "minecraft:uniform"
      },
      "bonus_rolls": 0.0,
      "entries": [
        {
          "type": "minecraft:item",
          "weight": 10,
          "functions": [
            {
              "function": "minecraft:set_count",
              "count": {
                "min": 1.0,
                "max": 5.0,
                "type": "minecraft:uniform"
              }
            }
          ],
          "name": "minecraft:obsidian"
        },
        {
          "type": "minecraft:item",
          "weight": 7,
          "name": "minecraft:ender_pearl"
        },
        {
          "type": "minecraft:item",
          "weight": 7,
          "name": "minecraft:diamond"
        },
        {
          "type": "minecraft:item",
          "weight": 1,
          "name": "minecraft:ender_eye"
        }
      ]
    },
    {
      "rolls": {
        "min": 2.0,
        "max": 5.0,
        "type": "minecraft:uniform"
      },
      "bonus_rolls": 0.0,
      "entries": [
        {
          "type": "minecraft:item",
          "weight": 3,
          "functions": [
            {
              "function": "minecraft:set_count",
              "count": {
                "min": 1.0,
                "max": 3.0,
                "type": "minecraft:uniform"
              }
            }
          ],
          "name": "minecraft:diamond"
        },
        {
          "type": "minecraft:item",
          "weight": 10,
          "functions": [
            {
              "function": "minecraft:set_count",
              "count": {
                "min": 1.0,
                "max": 5.0,
                "type": "minecraft:uniform"
              }
            }
          ],
          "name": "minecraft:iron_ingot"
        },
        {
          "type": "minecraft:item",
          "weight": 5,
          "functions": [
            {
              "function": "minecraft:set_count",
              "count": {
                "min": 4.0,
                "max": 9.0,
                "type": "minecraft:uniform"
              }
            }
          ],
          "name": "minecraft:redstone"
        },
        {
          "type": "minecraft:item",
          "weight": 15,
          "functions": [
            {
              "function": "minecraft:set_count",
              "count": {
                "min": 1.0,
                "max": 3.0,
                "type": "minecraft:uniform"
              }
            }
          ],
          "name": "minecraft:bread"
        },
        {
          "type": "minecraft:item",
          "weight": 15,
          "functions": [
            {
              "function": "minecraft:set_count",
              "count": {
                "min": 1.0,
                "max": 3.0,
                "type": "minecraft:uniform"
              }
            }
          ],
          "name": "minecraft:apple"
        },
        {
          "type": "minecraft:item",
          "weight": 5,
          "name": "minecraft:iron_pickaxe"
        },
        {
          "type": "minecraft:item",
          "weight": 5,
          "name": "minecraft:iron_sword"
        },
        {
          "type": "minecraft:item",
          "weight": 5,
          "name": "minecraft:iron_chestplate"
        },
        {
          "type": "minecraft:item",
          "weight": 5,
          "name": "minecraft:iron_helmet"
        },
        {
          "type": "minecraft:item",
          "weight": 5,
          "name": "minecraft:iron_leggings"
        },
        {
          "type": "minecraft:item",
          "weight": 5,
          "name": "minecraft:iron_boots"
        },
        {
          "type": "minecraft:item",
          "name": "minecraft:golden_apple"
        },
        {
          "type": "minecraft:item",
          "name": "minecraft:saddle"
        },
        {
          "type": "minecraft:item",
          "name": "minecraft:iron_horse_armor"
        },
        {
          "type": "minecraft:item",
          "name": "minecraft:diamond_horse_armor"
        },
        {
          "type": "minecraft:item",
          "functions": [
            {
              "function": "minecraft:enchant_with_levels",
              "levels": 30,
              "treasure": true
            }
          ],
          "name": "minecraft:book"
        },
        {
          "type": "minecraft:item",
          "name": "iron_axe",
          "weight": 1
        },
        {
          "type": "minecraft:item",
          "name": "iron_shovel",
          "weight": 1
        },
        {
          "type": "minecraft:item",
          "name": "iron_sword",
          "functions": [
            {
              "function": "minecraft:set_attributes",
              "modifiers": [
                {
                  "attribute": "generic.attack_speed",
                  "name": "Attack Speed",
                  "amount": -1.0,
                  "operation": "addition",
                  "slot": "mainhand"
                },
                {
                  "attribute": "generic.attack_damage",
                  "name": "Attack Damage",
                  "amount": 5.0,
                  "operation": "addition",
                  "slot": "mainhand"
                }
              ]
            },
            {
              "function": "minecraft:set_nbt",
              "tag": "{HideFlags:2, CustomModelData:101,repairCost:99,Tags:[\"Artifact\"]}"
            },
            {
              "function": "minecraft:set_name",
              "name": "§r§eIron Short Sword",
              "entity": "this"
            },
            {
              "function": "minecraft:set_lore",
              "lore": [
                "§7Unrepairable",
                "",
                "§7When in main hand:",
                "§2 6 Attack Damage",
                "§2 3 Attack Speed"
              ],
              "entity": "this"
            }
          ],
          "weight": 8
        },
        {
          "type": "minecraft:item",
          "name": "iron_axe",
          "functions": [
            {
              "function": "minecraft:set_attributes",
              "modifiers": [
                {
                  "attribute": "generic.attack_speed",
                  "name": "Attack Speed",
                  "amount": -2.5,
                  "operation": "addition",
                  "slot": "mainhand"
                },
                {
                  "attribute": "generic.attack_damage",
                  "name": "Attack Damage",
                  "amount": 7.0,
                  "operation": "addition",
                  "slot": "mainhand"
                }
              ]
            },
            {
              "function": "minecraft:set_nbt",
              "tag": "{HideFlags:2, CustomModelData:101,repairCost:99,Tags:[\"Artifact\"]}"
            },
            {
              "function": "minecraft:set_name",
              "name": "§r§eIron Hatchet",
              "entity": "this"
            },
            {
              "function": "minecraft:set_lore",
              "lore": [
                "§7Unrepairable",
                "",
                "§7When in main hand:",
                "§2 8 Attack Damage",
                "§2 1.5 Attack Speed"
              ],
              "entity": "this"
            }
          ],
          "weight": 8
        },
        {
          "type": "minecraft:item",
          "name": "iron_hoe",
          "functions": [
            {
              "function": "minecraft:set_attributes",
              "modifiers": [
                {
                  "attribute": "generic.attack_speed",
                  "name": "Attack Speed",
                  "amount": 1,
                  "operation": "addition",
                  "slot": "mainhand"
                },
                {
                  "attribute": "generic.attack_damage",
                  "name": "Attack Damage",
                  "amount": 4,
                  "operation": "addition",
                  "slot": "mainhand"
                }
              ]
            },
            {
              "function": "minecraft:set_nbt",
              "tag": "{HideFlags:2, CustomModelData:101,repairCost:99,Tags:[\"Artifact\"]}"
            },
            {
              "function": "minecraft:set_name",
              "name": "§r§eIron Scythe",
              "entity": "this"
            },
            {
              "function": "minecraft:set_lore",
              "lore": [
                "§7Unrepairable",
                "",
                "§7When in main hand:",
                "§2 5 Attack Damage",
                "§2 5 Attack Speed"
              ],
              "entity": "this"
            }
          ],
          "weight": 8
        }
      ]
    }
  ]
}