{
  "pools": [
    {
      "rolls": 1,
      "entries": [
        {
          "type": "minecraft:item",
          "name": "minecraft:potion",
          "weight":2,
          "functions": [
            {
              "function": "minecraft:set_name",
              "name": {
                "text": "Elixir of Undying",
                "color": "#ffcc00",
                "italic": false
              }
            },
            {
              "function": "minecraft:set_nbt",
              "tag": "{CustomPotionEffects:[{Id:10b,Amplifier:1b,Duration:1200},{Id:11b,Amplifier:4b,Duration:600},{Id:22b,Amplifier:3b,Duration:4800}],CustomPotionColor:14679821}"
            }
          ]
        },
        {
          "type": "minecraft:item",
          "name": "minecraft:potion",
          "weight":2,
          "functions": [
            {
              "function": "minecraft:set_name",
              "name": {
                "text": "Miner's Ale",
                "color": "#ff4e21",
                "italic": false
              }
            },
            {
              "function": "minecraft:set_nbt",
              "tag": "{CustomPotionEffects:[{Id:3b,Amplifier:2b,Duration:18000}],CustomPotionColor:16735265}"
            }
          ]
        },
        {
          "type": "minecraft:item",
          "name": "minecraft:potion",
          "weight":2,
          "functions": [
            {
              "function": "minecraft:set_name",
              "name": {
                "text": "Suspicious Brew",
                "color": "#8957ff",
                "italic": false
              }
            },
            {
              "function": "minecraft:set_nbt",
              "tag": "{CustomPotionEffects:[{Id:2b,Amplifier:0b,Duration:4000},{Id:5b,Amplifier:3b,Duration:1500},{Id:9b,Amplifier:0b,Duration:200},{Id:11b,Amplifier:1b,Duration:1000}],CustomPotionColor:12162815} "
            }
          ]
        }
      ]
    }
  ]
}