{
  "parent": "minecraft:recipes/root",
  "rewards": {
    "recipes": [
      "minecraft:ender_eye"
    ]
  },
  "criteria": {
    "killed_wither": {
       "trigger": "minecraft:player_killed_entity",
       "conditions": {
            "entity": {
                "type": "minecraft:wither"
            }
        }
    },
    "has_the_recipe": {
      "trigger": "minecraft:recipe_unlocked",
      "conditions": {
        "recipe": "minecraft:ender_eye"
      }
    }
  },
  "requirements": [
    [
      "killed_wither",
      "has_the_recipe"
    ]
  ]
}