{"type":"chest","pools":[{"rolls":1,"entries":[{"type":"item","weight":87,"name":"minecraft:golden_hoe","functions":[{"function":"set_count","count":1},{"function":"set_nbt","tag":"{Enchantments:[{id:\"minecraft:sharpness\",lvl:3s},{id:\"minecraft:silk_touch\",lvl:1s}]}"}]},{"type":"item","weight":9,"name":"minecraft:diamond_hoe","functions":[{"function":"set_count","count":1},{"function":"set_nbt","tag":"{Enchantments:[{id:\"minecraft:sharpness\",lvl:5s},{id:\"minecraft:looting\",lvl:1s},{id:\"minecraft:silk_touch\",lvl:1s}]}"}]},{"type":"item","weight":1,"name":"minecraft:netherite_hoe","functions":[{"function":"set_count","count":1},{"function":"set_nbt","tag":"{Enchantments:[{id:\"minecraft:sharpness\",lvl:7s},{id:\"minecraft:looting\",lvl:2s},{id:\"minecraft:silk_touch\",lvl:1s}]}"}]},{"type":"item","weight":3,"name":"minecraft:golden_sword","functions":[{"function":"set_count","count":1},{"function":"set_nbt","tag":"{Enchantments:[{id:\"minecraft:sharpness\",lvl:3s},{id:\"minecraft:looting\",lvl:1s}]}"}]}]},{"rolls":{"min":2,"max":3},"entries":[{"type":"item","weight":1,"name":"minecraft:arrow","functions":[{"function":"set_count","count":{"min":1,"max":7}}]},{"type":"item","weight":1,"name":"minecraft:pumpkin_seeds","functions":[{"function":"set_count","count":1}]},{"type":"item","weight":1,"name":"minecraft:bone","functions":[{"function":"set_count","count":{"min":1,"max":7}}]},{"type":"item","weight":1,"name":"minecraft:bone_meal","functions":[{"function":"set_count","count":{"min":1,"max":7}}]}]},{"rolls":3,"entries":[{"type":"item","weight":1,"name":"minecraft:pumpkin_pie","functions":[{"function":"set_count","count":{"min":1,"max":3}}]}]},{"rolls":{"min":1,"max":3},"entries":[{"type":"item","weight":9,"name":"minecraft:pumpkin","functions":[{"function":"set_count","count":{"min":1,"max":5}}]},{"type":"item","weight":3,"name":"minecraft:carved_pumpkin","functions":[{"function":"set_count","count":{"min":1,"max":5}}]},{"type":"item","weight":1,"name":"minecraft:jack_o_lantern","functions":[{"function":"set_count","count":{"min":1,"max":5}}]}]}]}
