{"type":"entity","pools":[{"rolls":{"min":1,"max":3},"entries":[{"type":"item","weight":4,"name":"minecraft:sweet_berries","functions":[{"function":"set_count","count":1},{"function":"set_nbt","tag":"{Enchantments:[{}]}"},{"function":"set_name","name":[{"text":"The Forbidden Berries","color":"light_purple","italic":false}]},{"function":"set_lore","lore":[{"text":"+3 Vitality","color":"blue","italic":false}]}]},{"type":"item","weight":48,"name":"minecraft:sweet_berries","functions":[{"function":"set_count","count":{"min":7,"max":14}}]},{"type":"item","weight":48,"name":"minecraft:spruce_sapling","functions":[{"function":"set_count","count":{"min":7,"max":14}}]}]}]}
