{
  "parent": "minecraft:adventure/sleep_in_bed",
    "display": {
        "title": {
            "text": "Death from Above"
        },
        "description": {
            "text": "Kill a Phantom"
        },
        "icon": {
            "item": "minecraft:black_bed"
        },
        "frame": "task",
        "show_toast": true,
        "announce_to_chat": true,
        "hidden": false
    },
    "criteria": {
        "killed_phantom": {
            "trigger": "minecraft:player_killed_entity",
            "conditions": {
                "entity": {
                    "type": "minecraft:phantom"
                }
            }
        }
    },
    "rewards": {
        "experience": 60
    }
}