{
  "parent": "minecraft:adventure/blowin_in_the_wind",
  "display": {
    "icon": {
      "item": "minecraft:music_disc_mellohi"
    },
    "title": {
      "text": "Mellohi"
    },
    "description": {
      "text": "Obtain a music disc from a bookworm"
    },
    "frame": "goal",
    "show_toast": true,
    "announce_to_chat": true,
    "hidden": false
  },
  "rewards": {
    "experience": 300
  },
  "criteria": {
    "obtained_record": {
      "trigger": "minecraft:inventory_changed",
      "conditions": {
        "items": [
          {
            "item": "music_disc_mellohi"
          }
        ]
      }
    }
  }
}