{
  "parent": "minecraft:adventure/blowin_in_the_wind",
  "display": {
    "icon": {
      "item": "minecraft:music_disc_chirp"
    },
    "title": {
      "text": "Chirp"
    },
    "description": {
      "text": "Obtain a music disc from a temple where the birds speak"
    },
    "frame": "goal",
    "show_toast": true,
    "announce_to_chat": true,
    "hidden": false
  },
  "rewards": {
    "experience": 300
  },
  "criteria": {
    "bastion": {
      "trigger": "minecraft:location",
      "conditions": {
        "location": {
          "feature": "jungle_pyramid"
        }
      }
    },
    "obtained_record": {
      "trigger": "minecraft:inventory_changed",
      "conditions": {
        "items": [
          {
            "item": "music_disc_chirp"
          }
        ]
      }
    }
  }
}