{
  "effects": {
    "mood_sound": {
      "sound": "minecraft:ambient.soul_sand_valley.mood",
      "tick_delay": 6000,
      "block_search_extent": 8,
      "offset": 2.0
    },
    "additions_sound": {
      "sound": "minecraft:ambient.warped_forest.additions",
      "tick_chance": 0.0111
    },
    "music": {
      "sound": "minecraft:music.nether.soul_sand_valley",
      "min_delay": 12000,
      "max_delay": 24000,
      "replace_current_music": false
    },
    "particle": {
      "options": {
        "type": "minecraft:end_rod"
      },
      "probability": 0.01
    },
    "ambient_sound": "minecraft:ambient.warped_forest.loop",
    "sky_color": 12763856,
    "fog_color": 13746120,
    "foliage_color":7798551,
    "grass_color":7798551,
    "water_color": 4159204,
    "water_fog_color": 4341314
  },
  "surface_builder": "starmute:quartz_flats",
  "carvers": {
    "air": [
      "minecraft:nether_cave"
    ]
  },
  "features": [
    [],
    [],
    [      ],
    [
      "starmute:quartz_flats/bone_tower"
    ],
    [],
    [],
    [],
    [
      "minecraft:spring_delta",
      "minecraft:patch_fire",
      "minecraft:patch_soul_fire",
      "minecraft:glowstone_extra",
      "minecraft:glowstone",
      "minecraft:brown_mushroom_nether",
      "minecraft:red_mushroom_nether",
      "minecraft:ore_magma",
      "minecraft:spring_closed_double",
      "minecraft:ore_debris_large",
      "minecraft:ore_debris_small",
      "starmute:quartz_blobs",
      "starmute:glass_blobs",
      "starmute:glass_blobs_2",
      "minecraft:ore_gold_deltas",
      "minecraft:ore_quartz_deltas"
    ],
    [
      "starmute:quartz_flats/blackstone_rocks",
      "starmute:quartz_flats/quartz_beach",
      "starmute:quartz_flats/quartz_piles",
      "starmute:quartz_flats/flame",
      "minecraft:spring_lava_double"
    ]
  ],
  "starts": [
    "minecraft:ruined_portal_nether",
    "minecraft:nether_fossil",
    "starmute:quartz_structures"
  ],
  "spawners": {
    "monster": [
      {
        "type": "minecraft:ghast",
        "weight": 100,
        "minCount": 8,
        "maxCount": 8
      },
      {
        "type": "minecraft:skeleton",
        "weight": 100,
        "minCount": 1,
        "maxCount": 5
      },
      {
        "type": "alexsmobs:bone_serpent",
        "weight": 100,
        "minCount": 1,
        "maxCount": 2
      }
    ],
    "creature": [
      {
        "type": "minecraft:strider",
        "weight": 60,
        "minCount": 1,
        "maxCount": 2
      }
    ],
    "ambient": [],
    "water_creature": [],
    "water_ambient": [],
    "misc": []
  },
  "spawn_costs": {
    "alexsmobs:bone_serpent": {
      "energy_budget": 0.15,
      "charge": 0.9
    }
  },
  "precipitation": "none",
  "temperature": 2.0,
  "downfall": 0.0,
  "category": "nether",
  "depth": -0.25,
  "scale": 0.2
}