{
  "effects": {
    "mood_sound": {
      "sound": "minecraft:ambient.nether_wastes.mood",
      "tick_delay": 6000,
      "block_search_extent": 8,
      "offset": 2.0
    },
    "additions_sound": {
      "sound": "minecraft:ambient.basalt_deltas.additions",
      "tick_chance": 0.02
    },
    "music": {
      "sound": "minecraft:music.nether.basalt_deltas",
      "min_delay": 12000,
      "max_delay": 24000,
      "replace_current_music": false
    },
    "particle": {
      "options": {
        "type": "minecraft:dust",
        "r": 0.5,
        "g": 0.2,
        "b": 0.9,
        "scale": 1.0
      },
      "probability": 0.01
    },
    "ambient_sound": "minecraft:ambient.warped_forest.loop",
    "sky_color": 7254527,
    "fog_color": 6238842,
    "water_color": 4159204,
    "water_fog_color": 329011
  },
  "surface_builder": "starmute:voltaic_heap",
  "carvers": {
    "air": [
      "minecraft:nether_cave"
    ],
    "liquid": [
      "starmute:maximum_caves"
    ]
  },
  "features": [
    [//"starmute:nuclear_pit/snow_voltaic",
      //"starmute:nuclear_pit/forced_spikes",
      //"starmute:nuclear_pit/forced_blobs",
      //"starmute:nuclear_pit/fix_lb"
      "starmute:voltaic_heap/spike_distribution"
    ],
    [],
    [],
    [],
    [],
    [
      "starmute:nuclear_pit/nuclear_delta_purple"
    //"starmute:nuclear_pit/spikes"
  ],
    [],
    [
      "minecraft:spring_open",
      "minecraft:patch_fire",
      "minecraft:patch_soul_fire",
      "minecraft:glowstone_extra",
      "minecraft:glowstone",
      "minecraft:brown_mushroom_nether",
      "minecraft:red_mushroom_nether",
      "minecraft:ore_magma",
      "minecraft:spring_closed",
      "minecraft:ore_gravel_nether",
      "minecraft:ore_blackstone",
      "minecraft:ore_gold_nether",
      "minecraft:ore_quartz_nether",
      "minecraft:ore_debris_large",
      "minecraft:ore_debris_small",
      "starmute:nuclear_pit/purple_blobs",
      "starmute:nuclear_pit/pipe_blobs_magenta",
      "starmute:nuclear_pit/pipe_blobs_purple"
    ],
    [
      "minecraft:spring_lava",
      "minecraft:brown_mushroom_normal",
      "minecraft:red_mushroom_normal",
      "starmute:extra_lava_half"
    ]
  ],
  "starts": [
    "minecraft:ruined_portal_nether",
    "minecraft:fortress",
    "starmute:toxic_structs"
  ],
  "spawners": {
    "monster": [
      {
        "type": "minecraft:silverfish",
        "weight": 4,
        "minCount": 1,
        "maxCount": 1
      },
      {
        "type": "minecraft:enderman",
        "weight": 20,
        "minCount": 1,
        "maxCount": 2
      },
      {
        "type": "minecraft:magma_cube",
        "weight": 90,
        "minCount": 1,
        "maxCount": 3
      },
      {
        "type": "alexsmobs:warped_mosco",
        "weight": 5,
        "minCount": 1,
        "maxCount": 1
      },
      {
        "type": "alexsmobs:bone_serpent",
        "weight": 10,
        "minCount": 1,
        "maxCount": 2
      }
    ],
    "creature": [
      {
        "type": "minecraft:strider",
        "weight": 60,
        "minCount": 1,
        "maxCount": 2
      }
    ],
    "ambient": [],
    "water_creature": [],
    "water_ambient": [],
    "misc": []
  },
  "spawn_costs": {

    "minecraft:enderman": {
      "energy_budget": 0.15,
      "charge": 0.7
    },
    "minecraft:vex": {
      "energy_budget": 0.15,
      "charge": 1.0
    },
    "alexsmobs:warped_mosco": {
      "energy_budget": 0.15,
      "charge": 1.2
    }
  },
  "precipitation": "none",
  "temperature": 2.0,
  "downfall": 0.0,
  "category": "nether",
  "depth": 0.1,
  "scale": 0.2
}