{
  "rewards": {
    "function": "bozzes:dragon/dragon_fight_start"
  },
  "criteria": {
    "summoned_dragon": {
      "trigger": "minecraft:summoned_entity",
      "conditions": {
        "entity": [
          {
            "condition": "minecraft:entity_properties",
            "predicate": {
              "type": "minecraft:ender_dragon"
            },
            "entity": "this"
          }
        ]
      }
    }
  },
  "requirements": [
    [
      "summoned_dragon"
    ]
  ]
}