{
  "parent": "minecraft:husbandry/plant_seed",
  "display": {
    "icon": {
      "item": "minecraft:mushroom_stew"
    },
    "title": {
      "text": "The Best of the Worst"
    },
    "description": {
      "text": "Cook up some mushroom stew"
    },
    "frame": "task",
    "show_toast": true,
    "announce_to_chat": true,
    "hidden": false
  },
  "criteria": {
    "has_mushroom_stew": {
      "trigger": "minecraft:inventory_changed",
      "conditions": {
        "items": [
          {
            "item": "minecraft:mushroom_stew"
          }
        ]
      }
    }
  }
}