{
  "parent": "far_end:story/amethyst_forest",
  "criteria": {
    "vindicator": {
      "trigger": "minecraft:player_killed_entity",
      "conditions": {
        "player": {
          "location": {
            "dimension": "far_end:far_end"
          }
        },
        "entity": {
          "type": "minecraft:vindicator"
        }
      }
    },
    "pillager": {
      "trigger": "minecraft:player_killed_entity",
      "conditions": {
        "player": {
          "location": {
            "dimension": "far_end:far_end"
          }
        },
        "entity": {
          "type": "minecraft:pillager"
        }
      }
    },
    "shulker": {
      "trigger": "minecraft:player_killed_entity",
      "conditions": {
        "player": {
          "location": {
            "dimension": "far_end:far_end"
          }
        },
        "entity": {
          "type": "minecraft:shulker"
        }
      }
    },
    "endermite": {
      "trigger": "minecraft:player_killed_entity",
      "conditions": {
        "player": {
          "location": {
            "dimension": "far_end:far_end"
          }
        },
        "entity": {
          "type": "minecraft:endermite"
        }
      }
    },
    "enderman": {
      "trigger": "minecraft:player_killed_entity",
      "conditions": {
        "player": {
          "location": {
            "dimension": "far_end:far_end"
          }
        },
        "entity": {
          "type": "minecraft:enderman"
        }
      }
    },
    "vex": {
      "trigger": "minecraft:player_killed_entity",
      "conditions": {
        "player": {
          "location": {
            "dimension": "far_end:far_end"
          }
        },
        "entity": {
          "type": "minecraft:vex"
        }
      }
    },
    "evoker": {
      "trigger": "minecraft:player_killed_entity",
      "conditions": {
        "player": {
          "location": {
            "dimension": "far_end:far_end"
          }
        },
        "entity": {
          "type": "minecraft:evoker"
        }
      }
    },
    "guardian": {
      "trigger": "minecraft:player_killed_entity",
      "conditions": {
        "player": {
          "location": {
            "dimension": "far_end:far_end"
          }
        },
        "entity": {
          "type": "minecraft:guardian"
        }
      }
    },
    "witch": {
      "trigger": "minecraft:player_killed_entity",
      "conditions": {
        "player": {
          "location": {
            "dimension": "far_end:far_end"
          }
        },
        "entity": {
          "type": "minecraft:witch"
        }
      }
    }
  },
  "requirements": [
    [
      "pillager"
    ],
    [
      "vindicator"
    ],
    [
      "shulker"
    ],
    [
      "enderman"
    ],
    [
      "endermite"
    ],
    [
      "vex"
    ],
    [
      "evoker"
    ],
    [
      "witch"
    ],
    [
      "guardian"
    ]
  ],
  "rewards": {
    "experience": 900
  }
}
