{
  "type": "minecraft:chest",
  "pools": [
    {
      "rolls": 1,
      "entries": [
        {
          "type": "minecraft:item",
          "name": "minecraft:experience_bottle",
          "functions": [
            {
              "function": "minecraft:set_count",
              "count": {
                "min": 18,
                "max": 54
              },
              "conditions": [
                {
                  "condition": "minecraft:random_chance",
                  "chance": 0.5
                }
              ]
            }
          ]
        }
      ]
    },
    {
      "rolls": 1,
      "entries": [
        {
          "type": "minecraft:item",
          "name": "minecraft:cake"
        }
      ]
    },
    {
      "rolls": 1,
      "entries": [
        {
          "type": "minecraft:item",
          "name": "minecraft:skeleton_skull",
          "functions": [
            {
              "function": "minecraft:set_name",
              "name": {
                "text": "Torte",
                "color": "#ffccbb",
                "italic": false
              }
            }
          ]
        }
      ]
    },
    {
      "rolls":1,
      "entries":[
      {
          "type": "minecraft:item",
          "name": "minecraft:diamond_pickaxe",
          "functions": [
            {
              "function": "minecraft:set_damage",
              "damage": {
                "min": 0.7,
                "max": 1
              },
              "conditions": [
                {
                  "condition": "minecraft:random_chance",
                  "chance": 0.7
                }
              ]
            },
            {
              "function": "minecraft:set_nbt",
              "tag": "{Enchantments:[{id:\"fortune\",lvl:3}]}"
            }
          ],
          "conditions": [
            {
              "condition": "minecraft:random_chance",
              "chance": 0.75
            }
          ]
        }]
      },
    {
      "rolls": {
        "min": 3,
        "max": 3
      },
      "entries": [
        {
          "type": "minecraft:item",
          "weight": 1,
          "name": "minecraft:quartz",
          "functions": [
            {
              "function": "minecraft:set_count",
              "count": {
                "min": 32,
                "max": 96
              }
            }
          ]
        },
        {
          "type": "minecraft:item",
          "weight": 1,
          "name": "minecraft:smooth_quartz",
          "functions": [
            {
              "function": "minecraft:limit_count",
              "limit": {
                "min": 16,
                "max": 34
              }
            },
            {
              "function": "minecraft:set_count",
              "count": {
                "min": 32,
                "max": 64
              }
            }
          ]
        },
        {
          "type": "minecraft:item",
          "weight": 1,
          "name": "minecraft:quartz_block",
          "functions": [
            {
              "function": "minecraft:limit_count",
              "limit": {
                "min": 16,
                "max": 34
              }
            },
            {
              "function": "minecraft:set_count",
              "count": {
                "min": 32,
                "max": 64
              }
            }
          ]
        },
        {
          "type": "minecraft:item",
          "weight": 1,
          "name": "minecraft:nether_quartz_ore",
          "functions": [
            {
              "function": "minecraft:limit_count",
              "limit": {
                "min": 20,
                "max": 30
              }
            },
            {
              "function": "minecraft:set_count",
              "count": {
                "min": 20,
                "max": 50
              }
            }
          ]
        }
      ]
    }
  ]
}