{
  "type": "minecraft:fishing",
  "pools": [
    {
      "rolls": 1,
      "bonus_rolls": 0.0,
      "entries": [
        {
          "type": "minecraft:loot_table",
          "weight": 38,
          "quality": -1,
          "name": "minecraft:gameplay/fishing/junk"
        },
        {
          "type": "minecraft:loot_table",
          "weight": 17,
          "quality": 2,
          "name": "minecraft:gameplay/fishing/treasure"
        },
        {
          "type": "minecraft:loot_table",
          "weight": 45,
          "quality": -1,
          "name": "minecraft:gameplay/fishing/fish"
        }
      ]
    }
  ]
}