{
  "type": "minecraft:generic",
  "pools": [
    {
      "rolls": 1,
      "entries": [
        {
          "type": "minecraft:alternatives",
          "children": [
            {
              "conditions": [
                {
                  "condition": "minecraft:location_check",
                  "predicate": {
                    "biome": "minecraft:ocean"
                  }
                }
              ],
              "type": "minecraft:item",
              "name": "minecraft:golden_hoe",
              "functions": [
                {
                  "function": "minecraft:set_count",
                  "count": 0
                }
              ]
            },
            {
              "conditions": [
                {
                  "condition": "minecraft:location_check",
                  "predicate": {
                    "biome": "minecraft:plains"
                  }
                }
              ],
              "type": "minecraft:item",
              "name": "minecraft:golden_hoe",
              "functions": [
                {
                  "function": "minecraft:set_count",
                  "count": 1
                }
              ]
            },
            {
              "conditions": [
                {
                  "condition": "minecraft:location_check",
                  "predicate": {
                    "biome": "minecraft:desert"
                  }
                }
              ],
              "type": "minecraft:item",
              "name": "minecraft:golden_hoe",
              "functions": [
                {
                  "function": "minecraft:set_count",
                  "count": 2
                }
              ]
            },
            {
              "conditions": [
                {
                  "condition": "minecraft:location_check",
                  "predicate": {
                    "biome": "minecraft:mountains"
                  }
                }
              ],
              "type": "minecraft:item",
              "name": "minecraft:golden_hoe",
              "functions": [
                {
                  "function": "minecraft:set_count",
                  "count": 3
                }
              ]
            },
            {
              "conditions": [
                {
                  "condition": "minecraft:location_check",
                  "predicate": {
                    "biome": "minecraft:forest"
                  }
                }
              ],
              "type": "minecraft:item",
              "name": "minecraft:golden_hoe",
              "functions": [
                {
                  "function": "minecraft:set_count",
                  "count": 4
                }
              ]
            },
            {
              "conditions": [
                {
                  "condition": "minecraft:location_check",
                  "predicate": {
                    "biome": "minecraft:taiga"
                  }
                }
              ],
              "type": "minecraft:item",
              "name": "minecraft:golden_hoe",
              "functions": [
                {
                  "function": "minecraft:set_count",
                  "count": 5
                }
              ]
            },
            {
              "conditions": [
                {
                  "condition": "minecraft:location_check",
                  "predicate": {
                    "biome": "minecraft:swamp"
                  }
                }
              ],
              "type": "minecraft:item",
              "name": "minecraft:golden_hoe",
              "functions": [
                {
                  "function": "minecraft:set_count",
                  "count": 6
                }
              ]
            },
            {
              "conditions": [
                {
                  "condition": "minecraft:location_check",
                  "predicate": {
                    "biome": "minecraft:river"
                  }
                }
              ],
              "type": "minecraft:item",
              "name": "minecraft:golden_hoe",
              "functions": [
                {
                  "function": "minecraft:set_count",
                  "count": 7
                }
              ]
            },
            {
              "conditions": [
                {
                  "condition": "minecraft:location_check",
                  "predicate": {
                    "biome": "minecraft:nether"
                  }
                }
              ],
              "type": "minecraft:item",
              "name": "minecraft:golden_hoe",
              "functions": [
                {
                  "function": "minecraft:set_count",
                  "count": 8
                }
              ]
            },
            {
              "conditions": [
                {
                  "condition": "minecraft:location_check",
                  "predicate": {
                    "biome": "minecraft:the_end"
                  }
                }
              ],
              "type": "minecraft:item",
              "name": "minecraft:golden_hoe",
              "functions": [
                {
                  "function": "minecraft:set_count",
                  "count": 9
                }
              ]
            },
            {
              "conditions": [
                {
                  "condition": "minecraft:location_check",
                  "predicate": {
                    "biome": "minecraft:frozen_ocean"
                  }
                }
              ],
              "type": "minecraft:item",
              "name": "minecraft:golden_hoe",
              "functions": [
                {
                  "function": "minecraft:set_count",
                  "count": 10
                }
              ]
            },
            {
              "conditions": [
                {
                  "condition": "minecraft:location_check",
                  "predicate": {
                    "biome": "minecraft:frozen_river"
                  }
                }
              ],
              "type": "minecraft:item",
              "name": "minecraft:golden_hoe",
              "functions": [
                {
                  "function": "minecraft:set_count",
                  "count": 11
                }
              ]
            },
            {
              "conditions": [
                {
                  "condition": "minecraft:location_check",
                  "predicate": {
                    "biome": "minecraft:snowy_tundra"
                  }
                }
              ],
              "type": "minecraft:item",
              "name": "minecraft:golden_hoe",
              "functions": [
                {
                  "function": "minecraft:set_count",
                  "count": 12
                }
              ]
            },
            {
              "conditions": [
                {
                  "condition": "minecraft:location_check",
                  "predicate": {
                    "biome": "minecraft:snowy_mountains"
                  }
                }
              ],
              "type": "minecraft:item",
              "name": "minecraft:golden_hoe",
              "functions": [
                {
                  "function": "minecraft:set_count",
                  "count": 13
                }
              ]
            },
            {
              "conditions": [
                {
                  "condition": "minecraft:location_check",
                  "predicate": {
                    "biome": "minecraft:mushroom_fields"
                  }
                }
              ],
              "type": "minecraft:item",
              "name": "minecraft:golden_hoe",
              "functions": [
                {
                  "function": "minecraft:set_count",
                  "count": 14
                }
              ]
            },
            {
              "conditions": [
                {
                  "condition": "minecraft:location_check",
                  "predicate": {
                    "biome": "minecraft:mushroom_field_shore"
                  }
                }
              ],
              "type": "minecraft:item",
              "name": "minecraft:golden_hoe",
              "functions": [
                {
                  "function": "minecraft:set_count",
                  "count": 15
                }
              ]
            },
            {
              "conditions": [
                {
                  "condition": "minecraft:location_check",
                  "predicate": {
                    "biome": "minecraft:beach"
                  }
                }
              ],
              "type": "minecraft:item",
              "name": "minecraft:golden_hoe",
              "functions": [
                {
                  "function": "minecraft:set_count",
                  "count": 16
                }
              ]
            },
            {
              "conditions": [
                {
                  "condition": "minecraft:location_check",
                  "predicate": {
                    "biome": "minecraft:desert_hills"
                  }
                }
              ],
              "type": "minecraft:item",
              "name": "minecraft:golden_hoe",
              "functions": [
                {
                  "function": "minecraft:set_count",
                  "count": 17
                }
              ]
            },
            {
              "conditions": [
                {
                  "condition": "minecraft:location_check",
                  "predicate": {
                    "biome": "minecraft:wooded_hills"
                  }
                }
              ],
              "type": "minecraft:item",
              "name": "minecraft:golden_hoe",
              "functions": [
                {
                  "function": "minecraft:set_count",
                  "count": 18
                }
              ]
            },
            {
              "conditions": [
                {
                  "condition": "minecraft:location_check",
                  "predicate": {
                    "biome": "minecraft:taiga_hills"
                  }
                }
              ],
              "type": "minecraft:item",
              "name": "minecraft:golden_hoe",
              "functions": [
                {
                  "function": "minecraft:set_count",
                  "count": 19
                }
              ]
            },
            {
              "conditions": [
                {
                  "condition": "minecraft:location_check",
                  "predicate": {
                    "biome": "minecraft:mountain_edge"
                  }
                }
              ],
              "type": "minecraft:item",
              "name": "minecraft:golden_hoe",
              "functions": [
                {
                  "function": "minecraft:set_count",
                  "count": 20
                }
              ]
            },
            {
              "conditions": [
                {
                  "condition": "minecraft:location_check",
                  "predicate": {
                    "biome": "minecraft:jungle"
                  }
                }
              ],
              "type": "minecraft:item",
              "name": "minecraft:golden_hoe",
              "functions": [
                {
                  "function": "minecraft:set_count",
                  "count": 21
                }
              ]
            },
            {
              "conditions": [
                {
                  "condition": "minecraft:location_check",
                  "predicate": {
                    "biome": "minecraft:jungle_hills"
                  }
                }
              ],
              "type": "minecraft:item",
              "name": "minecraft:golden_hoe",
              "functions": [
                {
                  "function": "minecraft:set_count",
                  "count": 22
                }
              ]
            },
            {
              "conditions": [
                {
                  "condition": "minecraft:location_check",
                  "predicate": {
                    "biome": "minecraft:jungle_edge"
                  }
                }
              ],
              "type": "minecraft:item",
              "name": "minecraft:golden_hoe",
              "functions": [
                {
                  "function": "minecraft:set_count",
                  "count": 23
                }
              ]
            },
            {
              "conditions": [
                {
                  "condition": "minecraft:location_check",
                  "predicate": {
                    "biome": "minecraft:deep_ocean"
                  }
                }
              ],
              "type": "minecraft:item",
              "name": "minecraft:golden_hoe",
              "functions": [
                {
                  "function": "minecraft:set_count",
                  "count": 24
                }
              ]
            },
            {
              "conditions": [
                {
                  "condition": "minecraft:location_check",
                  "predicate": {
                    "biome": "minecraft:stone_shore"
                  }
                }
              ],
              "type": "minecraft:item",
              "name": "minecraft:golden_hoe",
              "functions": [
                {
                  "function": "minecraft:set_count",
                  "count": 25
                }
              ]
            },
            {
              "conditions": [
                {
                  "condition": "minecraft:location_check",
                  "predicate": {
                    "biome": "minecraft:snowy_beach"
                  }
                }
              ],
              "type": "minecraft:item",
              "name": "minecraft:golden_hoe",
              "functions": [
                {
                  "function": "minecraft:set_count",
                  "count": 26
                }
              ]
            },
            {
              "conditions": [
                {
                  "condition": "minecraft:location_check",
                  "predicate": {
                    "biome": "minecraft:birch_forest"
                  }
                }
              ],
              "type": "minecraft:item",
              "name": "minecraft:golden_hoe",
              "functions": [
                {
                  "function": "minecraft:set_count",
                  "count": 27
                }
              ]
            },
            {
              "conditions": [
                {
                  "condition": "minecraft:location_check",
                  "predicate": {
                    "biome": "minecraft:birch_forest_hills"
                  }
                }
              ],
              "type": "minecraft:item",
              "name": "minecraft:golden_hoe",
              "functions": [
                {
                  "function": "minecraft:set_count",
                  "count": 28
                }
              ]
            },
            {
              "conditions": [
                {
                  "condition": "minecraft:location_check",
                  "predicate": {
                    "biome": "minecraft:dark_forest"
                  }
                }
              ],
              "type": "minecraft:item",
              "name": "minecraft:golden_hoe",
              "functions": [
                {
                  "function": "minecraft:set_count",
                  "count": 29
                }
              ]
            },
            {
              "conditions": [
                {
                  "condition": "minecraft:location_check",
                  "predicate": {
                    "biome": "minecraft:snowy_taiga"
                  }
                }
              ],
              "type": "minecraft:item",
              "name": "minecraft:golden_hoe",
              "functions": [
                {
                  "function": "minecraft:set_count",
                  "count": 30
                }
              ]
            },
            {
              "conditions": [
                {
                  "condition": "minecraft:location_check",
                  "predicate": {
                    "biome": "minecraft:snowy_taiga_hills"
                  }
                }
              ],
              "type": "minecraft:item",
              "name": "minecraft:golden_hoe",
              "functions": [
                {
                  "function": "minecraft:set_count",
                  "count": 31
                }
              ]
            },
            {
              "conditions": [
                {
                  "condition": "minecraft:location_check",
                  "predicate": {
                    "biome": "minecraft:giant_tree_taiga"
                  }
                }
              ],
              "type": "minecraft:item",
              "name": "minecraft:golden_hoe",
              "functions": [
                {
                  "function": "minecraft:set_count",
                  "count": 32
                }
              ]
            },
            {
              "conditions": [
                {
                  "condition": "minecraft:location_check",
                  "predicate": {
                    "biome": "minecraft:giant_tree_taiga_hills"
                  }
                }
              ],
              "type": "minecraft:item",
              "name": "minecraft:golden_hoe",
              "functions": [
                {
                  "function": "minecraft:set_count",
                  "count": 33
                }
              ]
            },
            {
              "conditions": [
                {
                  "condition": "minecraft:location_check",
                  "predicate": {
                    "biome": "minecraft:wooded_mountains"
                  }
                }
              ],
              "type": "minecraft:item",
              "name": "minecraft:golden_hoe",
              "functions": [
                {
                  "function": "minecraft:set_count",
                  "count": 34
                }
              ]
            },
            {
              "conditions": [
                {
                  "condition": "minecraft:location_check",
                  "predicate": {
                    "biome": "minecraft:savanna"
                  }
                }
              ],
              "type": "minecraft:item",
              "name": "minecraft:golden_hoe",
              "functions": [
                {
                  "function": "minecraft:set_count",
                  "count": 35
                }
              ]
            },
            {
              "conditions": [
                {
                  "condition": "minecraft:location_check",
                  "predicate": {
                    "biome": "minecraft:savanna_plateau"
                  }
                }
              ],
              "type": "minecraft:item",
              "name": "minecraft:golden_hoe",
              "functions": [
                {
                  "function": "minecraft:set_count",
                  "count": 36
                }
              ]
            },
            {
              "conditions": [
                {
                  "condition": "minecraft:location_check",
                  "predicate": {
                    "biome": "minecraft:badlands"
                  }
                }
              ],
              "type": "minecraft:item",
              "name": "minecraft:golden_hoe",
              "functions": [
                {
                  "function": "minecraft:set_count",
                  "count": 37
                }
              ]
            },
            {
              "conditions": [
                {
                  "condition": "minecraft:location_check",
                  "predicate": {
                    "biome": "minecraft:wooded_badlands_plateau"
                  }
                }
              ],
              "type": "minecraft:item",
              "name": "minecraft:golden_hoe",
              "functions": [
                {
                  "function": "minecraft:set_count",
                  "count": 38
                }
              ]
            },
            {
              "conditions": [
                {
                  "condition": "minecraft:location_check",
                  "predicate": {
                    "biome": "minecraft:badlands_plateau"
                  }
                }
              ],
              "type": "minecraft:item",
              "name": "minecraft:golden_hoe",
              "functions": [
                {
                  "function": "minecraft:set_count",
                  "count": 39
                }
              ]
            },
            {
              "conditions": [
                {
                  "condition": "minecraft:location_check",
                  "predicate": {
                    "biome": "minecraft:small_end_islands"
                  }
                }
              ],
              "type": "minecraft:item",
              "name": "minecraft:golden_hoe",
              "functions": [
                {
                  "function": "minecraft:set_count",
                  "count": 40
                }
              ]
            },
            {
              "conditions": [
                {
                  "condition": "minecraft:location_check",
                  "predicate": {
                    "biome": "minecraft:end_midlands"
                  }
                }
              ],
              "type": "minecraft:item",
              "name": "minecraft:golden_hoe",
              "functions": [
                {
                  "function": "minecraft:set_count",
                  "count": 41
                }
              ]
            },
            {
              "conditions": [
                {
                  "condition": "minecraft:location_check",
                  "predicate": {
                    "biome": "minecraft:end_highlands"
                  }
                }
              ],
              "type": "minecraft:item",
              "name": "minecraft:golden_hoe",
              "functions": [
                {
                  "function": "minecraft:set_count",
                  "count": 42
                }
              ]
            },
            {
              "conditions": [
                {
                  "condition": "minecraft:location_check",
                  "predicate": {
                    "biome": "minecraft:end_barrens"
                  }
                }
              ],
              "type": "minecraft:item",
              "name": "minecraft:golden_hoe",
              "functions": [
                {
                  "function": "minecraft:set_count",
                  "count": 43
                }
              ]
            },
            {
              "conditions": [
                {
                  "condition": "minecraft:location_check",
                  "predicate": {
                    "biome": "minecraft:warm_ocean"
                  }
                }
              ],
              "type": "minecraft:item",
              "name": "minecraft:golden_hoe",
              "functions": [
                {
                  "function": "minecraft:set_count",
                  "count": 44
                }
              ]
            },
            {
              "conditions": [
                {
                  "condition": "minecraft:location_check",
                  "predicate": {
                    "biome": "minecraft:lukewarm_ocean"
                  }
                }
              ],
              "type": "minecraft:item",
              "name": "minecraft:golden_hoe",
              "functions": [
                {
                  "function": "minecraft:set_count",
                  "count": 45
                }
              ]
            },
            {
              "conditions": [
                {
                  "condition": "minecraft:location_check",
                  "predicate": {
                    "biome": "minecraft:cold_ocean"
                  }
                }
              ],
              "type": "minecraft:item",
              "name": "minecraft:golden_hoe",
              "functions": [
                {
                  "function": "minecraft:set_count",
                  "count": 46
                }
              ]
            },
            {
              "conditions": [
                {
                  "condition": "minecraft:location_check",
                  "predicate": {
                    "biome": "minecraft:deep_warm_ocean"
                  }
                }
              ],
              "type": "minecraft:item",
              "name": "minecraft:golden_hoe",
              "functions": [
                {
                  "function": "minecraft:set_count",
                  "count": 47
                }
              ]
            },
            {
              "conditions": [
                {
                  "condition": "minecraft:location_check",
                  "predicate": {
                    "biome": "minecraft:deep_lukewarm_ocean"
                  }
                }
              ],
              "type": "minecraft:item",
              "name": "minecraft:golden_hoe",
              "functions": [
                {
                  "function": "minecraft:set_count",
                  "count": 48
                }
              ]
            },
            {
              "conditions": [
                {
                  "condition": "minecraft:location_check",
                  "predicate": {
                    "biome": "minecraft:deep_cold_ocean"
                  }
                }
              ],
              "type": "minecraft:item",
              "name": "minecraft:golden_hoe",
              "functions": [
                {
                  "function": "minecraft:set_count",
                  "count": 49
                }
              ]
            },
            {
              "conditions": [
                {
                  "condition": "minecraft:location_check",
                  "predicate": {
                    "biome": "minecraft:deep_frozen_ocean"
                  }
                }
              ],
              "type": "minecraft:item",
              "name": "minecraft:golden_hoe",
              "functions": [
                {
                  "function": "minecraft:set_count",
                  "count": 50
                }
              ]
            },
            {
              "conditions": [
                {
                  "condition": "minecraft:location_check",
                  "predicate": {
                    "biome": "minecraft:the_void"
                  }
                }
              ],
              "type": "minecraft:item",
              "name": "minecraft:golden_hoe",
              "functions": [
                {
                  "function": "minecraft:set_count",
                  "count": 127
                }
              ]
            },
            {
              "conditions": [
                {
                  "condition": "minecraft:location_check",
                  "predicate": {
                    "biome": "minecraft:sunflower_plains"
                  }
                }
              ],
              "type": "minecraft:item",
              "name": "minecraft:golden_hoe",
              "functions": [
                {
                  "function": "minecraft:set_count",
                  "count": 129
                }
              ]
            },
            {
              "conditions": [
                {
                  "condition": "minecraft:location_check",
                  "predicate": {
                    "biome": "minecraft:desert_lakes"
                  }
                }
              ],
              "type": "minecraft:item",
              "name": "minecraft:golden_hoe",
              "functions": [
                {
                  "function": "minecraft:set_count",
                  "count": 130
                }
              ]
            },
            {
              "conditions": [
                {
                  "condition": "minecraft:location_check",
                  "predicate": {
                    "biome": "minecraft:gravelly_mountains"
                  }
                }
              ],
              "type": "minecraft:item",
              "name": "minecraft:golden_hoe",
              "functions": [
                {
                  "function": "minecraft:set_count",
                  "count": 131
                }
              ]
            },
            {
              "conditions": [
                {
                  "condition": "minecraft:location_check",
                  "predicate": {
                    "biome": "minecraft:flower_forest"
                  }
                }
              ],
              "type": "minecraft:item",
              "name": "minecraft:golden_hoe",
              "functions": [
                {
                  "function": "minecraft:set_count",
                  "count": 132
                }
              ]
            },
            {
              "conditions": [
                {
                  "condition": "minecraft:location_check",
                  "predicate": {
                    "biome": "minecraft:taiga_mountains"
                  }
                }
              ],
              "type": "minecraft:item",
              "name": "minecraft:golden_hoe",
              "functions": [
                {
                  "function": "minecraft:set_count",
                  "count": 133
                }
              ]
            },
            {
              "conditions": [
                {
                  "condition": "minecraft:location_check",
                  "predicate": {
                    "biome": "minecraft:swamp_hills"
                  }
                }
              ],
              "type": "minecraft:item",
              "name": "minecraft:golden_hoe",
              "functions": [
                {
                  "function": "minecraft:set_count",
                  "count": 134
                }
              ]
            },
            {
              "conditions": [
                {
                  "condition": "minecraft:location_check",
                  "predicate": {
                    "biome": "minecraft:ice_spikes"
                  }
                }
              ],
              "type": "minecraft:item",
              "name": "minecraft:golden_hoe",
              "functions": [
                {
                  "function": "minecraft:set_count",
                  "count": 140
                }
              ]
            },
            {
              "conditions": [
                {
                  "condition": "minecraft:location_check",
                  "predicate": {
                    "biome": "minecraft:modified_jungle"
                  }
                }
              ],
              "type": "minecraft:item",
              "name": "minecraft:golden_hoe",
              "functions": [
                {
                  "function": "minecraft:set_count",
                  "count": 149
                }
              ]
            },
            {
              "conditions": [
                {
                  "condition": "minecraft:location_check",
                  "predicate": {
                    "biome": "minecraft:modified_jungle_edge"
                  }
                }
              ],
              "type": "minecraft:item",
              "name": "minecraft:golden_hoe",
              "functions": [
                {
                  "function": "minecraft:set_count",
                  "count": 151
                }
              ]
            },
            {
              "conditions": [
                {
                  "condition": "minecraft:location_check",
                  "predicate": {
                    "biome": "minecraft:tall_birch_forest"
                  }
                }
              ],
              "type": "minecraft:item",
              "name": "minecraft:golden_hoe",
              "functions": [
                {
                  "function": "minecraft:set_count",
                  "count": 155
                }
              ]
            },
            {
              "conditions": [
                {
                  "condition": "minecraft:location_check",
                  "predicate": {
                    "biome": "minecraft:tall_birch_hills"
                  }
                }
              ],
              "type": "minecraft:item",
              "name": "minecraft:golden_hoe",
              "functions": [
                {
                  "function": "minecraft:set_count",
                  "count": 156
                }
              ]
            },
            {
              "conditions": [
                {
                  "condition": "minecraft:location_check",
                  "predicate": {
                    "biome": "minecraft:dark_forest_hills"
                  }
                }
              ],
              "type": "minecraft:item",
              "name": "minecraft:golden_hoe",
              "functions": [
                {
                  "function": "minecraft:set_count",
                  "count": 157
                }
              ]
            },
            {
              "conditions": [
                {
                  "condition": "minecraft:location_check",
                  "predicate": {
                    "biome": "minecraft:snowy_taiga_mountains"
                  }
                }
              ],
              "type": "minecraft:item",
              "name": "minecraft:golden_hoe",
              "functions": [
                {
                  "function": "minecraft:set_count",
                  "count": 158
                }
              ]
            },
            {
              "conditions": [
                {
                  "condition": "minecraft:location_check",
                  "predicate": {
                    "biome": "minecraft:giant_spruce_taiga"
                  }
                }
              ],
              "type": "minecraft:item",
              "name": "minecraft:golden_hoe",
              "functions": [
                {
                  "function": "minecraft:set_count",
                  "count": 160
                }
              ]
            },
            {
              "conditions": [
                {
                  "condition": "minecraft:location_check",
                  "predicate": {
                    "biome": "minecraft:giant_spruce_taiga_hills"
                  }
                }
              ],
              "type": "minecraft:item",
              "name": "minecraft:golden_hoe",
              "functions": [
                {
                  "function": "minecraft:set_count",
                  "count": 161
                }
              ]
            },
            {
              "conditions": [
                {
                  "condition": "minecraft:location_check",
                  "predicate": {
                    "biome": "minecraft:modified_gravelly_mountains"
                  }
                }
              ],
              "type": "minecraft:item",
              "name": "minecraft:golden_hoe",
              "functions": [
                {
                  "function": "minecraft:set_count",
                  "count": 162
                }
              ]
            },
            {
              "conditions": [
                {
                  "condition": "minecraft:location_check",
                  "predicate": {
                    "biome": "minecraft:shattered_savanna"
                  }
                }
              ],
              "type": "minecraft:item",
              "name": "minecraft:golden_hoe",
              "functions": [
                {
                  "function": "minecraft:set_count",
                  "count": 163
                }
              ]
            },
            {
              "conditions": [
                {
                  "condition": "minecraft:location_check",
                  "predicate": {
                    "biome": "minecraft:shattered_savanna_plateau"
                  }
                }
              ],
              "type": "minecraft:item",
              "name": "minecraft:golden_hoe",
              "functions": [
                {
                  "function": "minecraft:set_count",
                  "count": 164
                }
              ]
            },
            {
              "conditions": [
                {
                  "condition": "minecraft:location_check",
                  "predicate": {
                    "biome": "minecraft:eroded_badlands"
                  }
                }
              ],
              "type": "minecraft:item",
              "name": "minecraft:golden_hoe",
              "functions": [
                {
                  "function": "minecraft:set_count",
                  "count": 165
                }
              ]
            },
            {
              "conditions": [
                {
                  "condition": "minecraft:location_check",
                  "predicate": {
                    "biome": "minecraft:modified_wooded_badlands_plateau"
                  }
                }
              ],
              "type": "minecraft:item",
              "name": "minecraft:golden_hoe",
              "functions": [
                {
                  "function": "minecraft:set_count",
                  "count": 166
                }
              ]
            },
            {
              "conditions": [
                {
                  "condition": "minecraft:location_check",
                  "predicate": {
                    "biome": "minecraft:modified_badlands_plateau"
                  }
                }
              ],
              "type": "minecraft:item",
              "name": "minecraft:golden_hoe",
              "functions": [
                {
                  "function": "minecraft:set_count",
                  "count": 167
                }
              ]
            },
            {
              "conditions": [
                {
                  "condition": "minecraft:location_check",
                  "predicate": {
                    "biome": "minecraft:bamboo_jungle"
                  }
                }
              ],
              "type": "minecraft:item",
              "name": "minecraft:golden_hoe",
              "functions": [
                {
                  "function": "minecraft:set_count",
                  "count": 168
                }
              ]
            },
            {
              "conditions": [
                {
                  "condition": "minecraft:location_check",
                  "predicate": {
                    "biome": "minecraft:bamboo_jungle_hills"
                  }
                }
              ],
              "type": "minecraft:item",
              "name": "minecraft:golden_hoe",
              "functions": [
                {
                  "function": "minecraft:set_count",
                  "count": 169
                }
              ]
            },
            {
              "conditions": [
                {
                  "condition": "minecraft:location_check",
                  "predicate": {
                    "biome": "biomesoplenty:alps"
                  }
                }
              ],
              "type": "minecraft:item",
              "name": "minecraft:golden_hoe",
              "functions": [
                {
                  "function": "minecraft:set_count",
                  "count": 1001
                }
              ]
            },
            {
              "conditions": [
                {
                  "condition": "minecraft:location_check",
                  "predicate": {
                    "biome": "biomesoplenty:bayou"
                  }
                }
              ],
              "type": "minecraft:item",
              "name": "minecraft:golden_hoe",
              "functions": [
                {
                  "function": "minecraft:set_count",
                  "count": 1002
                }
              ]
            },

            {
              "conditions": [
                {
                  "condition": "minecraft:location_check",
                  "predicate": {
                    "biome": "terraforged:bryce"
                  }
                }
              ],
              "type": "minecraft:item",
              "name": "minecraft:golden_hoe",
              "functions": [
                {
                  "function": "minecraft:set_count",
                  "count": 2001
                }
              ]
            },
            {
              "conditions": [
                {
                  "condition": "minecraft:location_check",
                  "predicate": {
                    "biome": "terraforged:cold_marshland"
                  }
                }
              ],
              "type": "minecraft:item",
              "name": "minecraft:golden_hoe",
              "functions": [
                {
                  "function": "minecraft:set_count",
                  "count": 2002
                }
              ]
            },
            {
              "conditions": [
                {
                  "condition": "minecraft:location_check",
                  "predicate": {
                    "biome": "terraforged:cold_steppe"
                  }
                }
              ],
              "type": "minecraft:item",
              "name": "minecraft:golden_hoe",
              "functions": [
                {
                  "function": "minecraft:set_count",
                  "count": 2003
                }
              ]
            },
            {
              "conditions": [
                {
                  "condition": "minecraft:location_check",
                  "predicate": {
                    "biome": "terraforged:fir_forest"
                  }
                }
              ],
              "type": "minecraft:item",
              "name": "minecraft:golden_hoe",
              "functions": [
                {
                  "function": "minecraft:set_count",
                  "count": 2004
                }
              ]
            },
            {
              "conditions": [
                {
                  "condition": "minecraft:location_check",
                  "predicate": {
                    "biome": "terraforged:flower_plains"
                  }
                }
              ],
              "type": "minecraft:item",
              "name": "minecraft:golden_hoe",
              "functions": [
                {
                  "function": "minecraft:set_count",
                  "count": 2005
                }
              ]
            },
            {
              "conditions": [
                {
                  "condition": "minecraft:location_check",
                  "predicate": {
                    "biome": "terraforged:frozen_marsh"
                  }
                }
              ],
              "type": "minecraft:item",
              "name": "minecraft:golden_hoe",
              "functions": [
                {
                  "function": "minecraft:set_count",
                  "count": 2007
                }
              ]
            },
            {
              "conditions": [
                {
                  "condition": "minecraft:location_check",
                  "predicate": {
                    "biome": "terraforged:marshland"
                  }
                }
              ],
              "type": "minecraft:item",
              "name": "minecraft:golden_hoe",
              "functions": [
                {
                  "function": "minecraft:set_count",
                  "count": 2009
                }
              ]
            },
            {
              "conditions": [
                {
                  "condition": "minecraft:location_check",
                  "predicate": {
                    "biome": "terraforged:savanna_scrub"
                  }
                }
              ],
              "type": "minecraft:item",
              "name": "minecraft:golden_hoe",
              "functions": [
                {
                  "function": "minecraft:set_count",
                  "count": 2010
                }
              ]
            },
            {
              "conditions": [
                {
                  "condition": "minecraft:location_check",
                  "predicate": {
                    "biome": "terraforged:shattered_savanna_scrub"
                  }
                }
              ],
              "type": "minecraft:item",
              "name": "minecraft:golden_hoe",
              "functions": [
                {
                  "function": "minecraft:set_count",
                  "count": 2011
                }
              ]
            },
            {
              "conditions": [
                {
                  "condition": "minecraft:location_check",
                  "predicate": {
                    "biome": "terraforged:snowy_fir_forest"
                  }
                }
              ],
              "type": "minecraft:item",
              "name": "minecraft:golden_hoe",
              "functions": [
                {
                  "function": "minecraft:set_count",
                  "count": 2012
                }
              ]
            },
            {
              "conditions": [
                {
                  "condition": "minecraft:location_check",
                  "predicate": {
                    "biome": "terraforged:snowy_taiga_scrub"
                  }
                }
              ],
              "type": "minecraft:item",
              "name": "minecraft:golden_hoe",
              "functions": [
                {
                  "function": "minecraft:set_count",
                  "count": 2013
                }
              ]
            },
            {
              "conditions": [
                {
                  "condition": "minecraft:location_check",
                  "predicate": {
                    "biome": "terraforged:steppe"
                  }
                }
              ],
              "type": "minecraft:item",
              "name": "minecraft:golden_hoe",
              "functions": [
                {
                  "function": "minecraft:set_count",
                  "count": 2014
                }
              ]
            },
            {
              "conditions": [
                {
                  "condition": "minecraft:location_check",
                  "predicate": {
                    "biome": "terraforged:stone_forest"
                  }
                }
              ],
              "type": "minecraft:item",
              "name": "minecraft:golden_hoe",
              "functions": [
                {
                  "function": "minecraft:set_count",
                  "count": 2015
                }
              ]
            },
            {
              "conditions": [
                {
                  "condition": "minecraft:location_check",
                  "predicate": {
                    "biome": "terraforged:taiga_scrub"
                  }
                }
              ],
              "type": "minecraft:item",
              "name": "minecraft:golden_hoe",
              "functions": [
                {
                  "function": "minecraft:set_count",
                  "count": 2016
                }
              ]
            },
            {
              "conditions": [
                {
                  "condition": "minecraft:location_check",
                  "predicate": {
                    "biome": "terraforged:warm_beach"
                  }
                }
              ],
              "type": "minecraft:item",
              "name": "minecraft:golden_hoe",
              "functions": [
                {
                  "function": "minecraft:set_count",
                  "count": 2017
                }
              ]
            }
          ]
        }
      ]
    }
  ]
}
