{
  "parent": "far_end:story/ender_waste",
  "display": {
    "icon": {
      "item": "minecraft:purpur_block"
    },
    "title": {
      "translate": "advancements.end.find_end_city.title"
    },
    "description": {
      "translate": "advancements.end.find_end_city.description"
    },
    "frame": "task",
    "show_toast": false,
    "announce_to_chat": false,
    "hidden": false
  },
  "criteria": {
    "in_city": {
      "trigger": "minecraft:location",
      "conditions": {
        "location": {
          "feature": "endcity"
        }
      }
    }
  },
  "requirements": [
    [
      "in_city"
    ]
  ]
}
