{
    "type": "minecraft:crafting_shapeless",
    "ingredients": [
        {
            "item": "minecraft:wheat"
        },
        {
            "item": "minecraft:egg"
        },
        {
            "item": "minecraft:cocoa_beans"
        },
        {
            "item": "minecraft:cocoa_beans"
        },
        {
            "item": "minecraft:cocoa_beans"
        },
        {
            "item": "minecraft:cocoa_beans"
        },
        {
            "item": "minecraft:sugar"
        }
    ],
    "result": {
        "item": "minecraft:polar_bear_spawn_egg",
        "count": 1
    },
    "group": "pies"
}