{
  "parent": "minecraft:recipes/root",
  "rewards": {
    "recipes": [
      "subtlelties:cobblestone_membrane_to_endstone"
    ]
  },
  "criteria": {
    "has_membrane": {
      "trigger": "minecraft:inventory_changed",
      "conditions": {
        "items": [
          {
            "item": "minecraft:phantom_membrane"
          }
        ]
      }
    },
    "has_the_recipe": {
      "trigger": "minecraft:recipe_unlocked",
      "conditions": {
        "recipe": "subtlelties:cobblestone_membrane_to_endstone"
      }
    }
  },
  "requirements": [
    [
      "has_membrane",
      "has_the_recipe"
    ]
  ]
}