{
  "type": "minecraft:fishing",
  "pools": [
    {
      "rolls": 1.0,
      "bonus_rolls": 0.0,
      "entries": [
        {
          "type": "minecraft:item",
          "weight": 14,
          "functions": [
            {
              "function": "minecraft:set_damage",
              "damage": {
                "type": "minecraft:uniform",
                "min": 0.0,
                "max": 0.9
              }
            }
          ],
          "name": "minecraft:leather_boots"
        },
        {
          "type": "minecraft:item",
          "weight": 12,
          "functions": [
            {
              "function": "minecraft:set_nbt",
              "tag": "{Potion:\"minecraft:water\"}"
            }
          ],
          "name": "minecraft:potion"
        },
        {
          "type": "minecraft:item",
          "weight": 3,
          "functions": [
            {
              "function": "minecraft:set_nbt",
              "tag": "{Potion:\"minecraft:water\"}"
            }
          ],
          "name": "minecraft:lingering_potion"
        },
        {
          "type": "minecraft:item",
          "weight": 5,
          "name": "minecraft:arrow"
        },
        {
          "type": "minecraft:item",
          "weight": 1,
          "name": "minecraft:bamboo"
        },
        {
          "type": "minecraft:item",
          "weight": 5,
          "name": "minecraft:oak_boat"
        },
        {
          "type": "minecraft:item",
          "weight": 3,
          "name": "minecraft:birch_boat"
        },
        {
          "type": "minecraft:item",
          "weight": 1,
          "name": "minecraft:dark_oak_boat"
        },
        {
          "type": "minecraft:item",
          "weight": 1,
          "name": "minecraft:jungle_boat"
        },
        {
          "type": "minecraft:item",
          "weight": 1,
          "name": "minecraft:acacia_boat"
        },
        {
          "type": "minecraft:item",
          "weight": 2,
          "name": "minecraft:spruce_boat"
        },
        {
          "type": "minecraft:item",
          "weight": 3,
          "name": "minecraft:cod_bucket"
        },
        {
          "type": "minecraft:item",
          "weight": 2,
          "name": "minecraft:salmon_bucket"
        },
        {
          "type": "minecraft:item",
          "weight": 4,
          "name": "minecraft:water_bucket"
        },
        {
          "type": "minecraft:item",
          "weight": 10,
          "name": "minecraft:leather"
        },
        {
          "type": "minecraft:item",
          "weight": 4,
          "name": "minecraft:lily_pad"
        },
        {
          "type": "minecraft:item",
          "weight": 3,
          "name": "minecraft:bone"
        },
        {
          "type": "minecraft:item",
          "weight": 10,
          "name": "minecraft:string"
        },
        {
          "type": "minecraft:item",
          "weight": 10,
          "functions": [
            {
              "function": "minecraft:set_damage",
              "damage": {
                "type": "minecraft:uniform",
                "min": 0.0,
                "max": 0.7
              }
            }
          ],
          "name": "minecraft:fishing_rod"
        },
        {
          "type": "minecraft:item",
          "weight": 6,
          "functions": [
            {
              "function": "minecraft:set_damage",
              "damage": {
                "type": "minecraft:uniform",
                "min": 0.0,
                "max": 0.4
              }
            }
          ],
          "name": "minecraft:wooden_hoe"
        },
        {
          "type": "minecraft:item",
          "weight": 15,
          "name": "minecraft:bowl"
        },
        {
          "type": "minecraft:item",
          "weight": 10,
          "name": "minecraft:stick"
        },
        {
          "type": "minecraft:item",
          "weight": 3,
          "name": "minecraft:slime_ball"
        },
        {
          "type": "minecraft:item",
          "weight": 1,
          "name": "minecraft:music_disc_stal"
        },
        {
          "type": "minecraft:item",
          "weight": 10,
          "name": "minecraft:kelp"
        },
        {
          "type": "minecraft:item",
          "weight": 8,
          "name": "minecraft:poisonous_potato"
        },
        {
          "type": "minecraft:item",
          "weight": 5,
          "name": "minecraft:gold_nugget"
        },
        {
          "type": "minecraft:item",
          "weight": 2,
          "name": "minecraft:map"
        },
        {
          "type": "minecraft:item",
          "weight": 3,
          "name": "minecraft:seagrass"
        },
        {
          "type": "minecraft:item",
          "weight": 5,
          "name": "minecraft:flower_pot"
        },
        {
          "type": "minecraft:item",
          "functions": [
            {
              "function": "minecraft:set_count",
              "count": 3
            }
          ],
          "name": "minecraft:ink_sac"
        },
        {
          "type": "minecraft:item",
          "weight": 10,
          "name": "minecraft:tripwire_hook"
        },
        {
          "type": "minecraft:item",
          "weight": 10,
          "name": "minecraft:rotten_flesh"
        },
        {
          "type": "minecraft:item",
          "conditions": [
            {
              "condition": "minecraft:alternative",
              "terms": [
                {
                  "condition": "minecraft:location_check",
                  "predicate": {
                    "biome": "minecraft:jungle"
                  }
                },
                {
                  "condition": "minecraft:location_check",
                  "predicate": {
                    "biome": "minecraft:jungle_hills"
                  }
                },
                {
                  "condition": "minecraft:location_check",
                  "predicate": {
                    "biome": "minecraft:jungle_edge"
                  }
                },
                {
                  "condition": "minecraft:location_check",
                  "predicate": {
                    "biome": "minecraft:bamboo_jungle"
                  }
                },
                {
                  "condition": "minecraft:location_check",
                  "predicate": {
                    "biome": "minecraft:modified_jungle"
                  }
                },
                {
                  "condition": "minecraft:location_check",
                  "predicate": {
                    "biome": "minecraft:modified_jungle_edge"
                  }
                },
                {
                  "condition": "minecraft:location_check",
                  "predicate": {
                    "biome": "minecraft:bamboo_jungle_hills"
                  }
                }
              ]
            }
          ],
          "weight": 10,
          "name": "minecraft:bamboo"
        },
        {
          "type": "minecraft:item",
          "conditions": [
            {
              "condition": "minecraft:alternative",
              "terms": [
                {
                  "condition": "minecraft:location_check",
                  "predicate": {
                    "biome": "minecraft:beach"
                  }
                }
              ]
            }
          ],
          "weight": 10,
          "name": "minecraft:seagrass"
        }
      ]
    }
  ]
}