{
    "display": {
        "title": {
            "text": "No Going Back",
            "color": "dark_red",
            "bold": false,
            "italic": false,
            "obfuscated": false
        },
        "description": {
            "text": "Build a portal to the Nether.",
            "color": "dark_purple"
        },
        "icon": {
            "item": "minecraft:fire_charge"
        },
        "frame": "challenge",
        "show_toast": true,
        "announce_to_chat": false,
        "hidden": false,
        "background": "minecraft:textures/gui/advancements/backgrounds/stone.png"
    },
    "criteria": {
        "HardModeActivates": {
            "trigger": "minecraft:impossible"
        }
    },
    "rewards": {
        "experience": 300
    }
}