{
  "display": {
    "icon": {
      "item": "crossbow"
    },
    "title": {
      "translate": "Duel of the Fates"
    },
    "description": 
    {
      "translate":"Give a Sentry a taste of its own medicine"
    },
    "frame": "task",
    "show_toast": true,
    "announce_to_chat": true,
    "hidden": true
  },
  "parent": "starmute:incendium/defeat_inferno",
  "criteria": {
    "requirement": {
      "trigger": "minecraft:bee_nest_destroyed",
      "conditions": {
        "block": "ancient_debris"
      }
    }
  }
}