{
  "display": {
    "icon": {
      "item": "minecraft:polished_blackstone_bricks",
      "nbt": "{Enchantments:[{}]}"
    },
    "title": {
      "translate": "In the Hall of the Piglin King"
    },
    "description": 
    {
      "translate":"Enter a Forbidden Castle at your own peril"
    },
    "frame": "goal",
    "show_toast": true,
    "announce_to_chat": true,
    "hidden": false
  },
  "parent": "starmute:incendium/root",
  "criteria": {
    "requirement": {
      "trigger": "minecraft:impossible",
      "conditions": {}
    }
  }
}