{
  "display": {
    "icon": {
      "item": "minecraft:fire_charge"
    },
    "title": {
      "translate": "Feed the Beast"
    },
    "description": 
    {
      "translate":"Feed a Ghastling its odd favorite food - fire charges - to make it follow you"
    },
    "frame": "task",
    "show_toast": true,
    "announce_to_chat": true,
    "hidden": false
  },
  "parent": "starmute:incendium/special_delivery",
  "criteria": {
    "requirement": {
      "trigger": "minecraft:impossible",
      "conditions": {}
    }
  },
  "rewards": {
  }
}