{
  "display": {
    "icon": {
      "item": "experience_bottle"
    },
    "title": {
      "translate": "Apparitions"
    },
    "description": 
    {
      "translate":"Kill a restless spirit"
    },
    "frame": "goal",
    "show_toast": true,
    "announce_to_chat": true,
    "hidden": false
  },
  "parent": "starmute:incendium/withered_forest",
  "criteria": {
    "requirement": {
      "trigger": "minecraft:player_killed_entity",
      "conditions": {
        "entity": {
          "type": "minecraft:vex",
          "nbt": "{Tags:[\"spirit\"]}"
        }
      }
    }
  }
}