{
  "display": {
    "icon": {
      "item": "player_head",
      "nbt": "{display:{Name:\"{\\\"text\\\":\\\"Nuclear Waste\\\"}\"},SkullOwner:{Id:[I;1055107433,-1008842451,-1806847900,-1704824368],Properties:{textures:[{Value:\"eyJ0ZXh0dXJlcyI6eyJTS0lOIjp7InVybCI6Imh0dHA6Ly90ZXh0dXJlcy5taW5lY3JhZnQubmV0L3RleHR1cmUvOWM2NDU2OGFkZWJmMjg0NGRmODI0MzMyZGMyN2U0YzY2YThhOWFmNmI0ZDc1Mjc4MmY2MTBkYjYxZDA2NSJ9fX0=\"}]}}}"
    },
    "title": {
      "translate": "Mystic Wisdom"
    },
    "description": 
    {
      "translate": "Discover every type of loot in a Power Plant"
    },
    "frame": "challenge",
    "show_toast": true,
    "announce_to_chat": true,
    "hidden": false
  },
  "parent": "starmute:incendium/nuclear_fusion",
  "criteria": {
    "office_treasure": {
      "trigger": "minecraft:player_generates_container_loot",
      "conditions": {
        "loot_table": "starmute:reactor/office_treasure"
      }
    },
    "office": {
      "trigger": "minecraft:player_generates_container_loot",
      "conditions": {
        "loot_table": "starmute:reactor/office"
      }
    },
    "junk": {
      "trigger": "minecraft:player_generates_container_loot",
      "conditions": {
        "loot_table": "starmute:reactor/junk"
      }
    },
    "treasure": {
      "trigger": "minecraft:player_generates_container_loot",
      "conditions": {
        "loot_table": "starmute:reactor/treasure"
      }
    },
    "waste": {
      "trigger": "minecraft:player_generates_container_loot",
      "conditions": {
        "loot_table": "starmute:reactor/waste"
      }
    }
  }

}