{
  "display": {
    "icon": {
      "item": "hopper"
    },
    "title": {
      "translate": "Pipe Dream"
    },
    "description": 
    {
      "translate": "Enter a pipeline, but beware the dangerous sentry blazes"
    },
    "frame": "task",
    "show_toast": true,
    "announce_to_chat": true,
    "hidden": false
  },
  "parent": "starmute:incendium/root",
  "criteria": {
    "requirement": {
      "trigger": "minecraft:location",
      "conditions": {
        "player": {
          "location": {
            "feature": "bastion_remnant",
            "block": {
              "block": "cyan_terracotta"
            }
          }
        }
      }
    }
  }
}