{
  "display": {
    "icon": {
      "item": "ghast_tear"
    },
    "title": {
      "translate": "Ghast Buster"
    },
    "description": 
    {
      "translate": "Kill a ghast on its home turf above the frozen lava seas"
    },
    "frame": "goal",
    "show_toast": true,
    "announce_to_chat": true,
    "hidden": false
  },
  "parent": "starmute:incendium/kill_zone",
  "criteria": {
    "kill_ghast": {
      "trigger": "minecraft:player_killed_entity",
      "conditions": {
        "player": {
          "location": {
            "position": {
              "y": 32
            },
            "biome": "starmute:quartz_flats"
          }
        },
        "entity": {
          "type": "minecraft:ghast"
        }
      }
    }
  }
}