{
  "parent": "helth:husbandry/suspicious_stew",
  "display": {
    "icon": {
      "item": "minecraft:suspicious_stew",
      "nbt": "{CustomModelData:606}"
    },
    "title": {
      "text": "Meat-Meat"
    },
    "description": {
      "text": "Spice up your protein game with a meatball stew!"
    },
    "frame": "task",
    "show_toast": true,
    "announce_to_chat": true,
    "hidden": false
  },
  "criteria": {
    "granted_by_function": {
      "trigger": "minecraft:impossible"
    }
  }
}