{
  "parent": "helth:husbandry/mushroom_stew",
  "display": {
    "icon": {
      "item": "minecraft:rabbit_stew"
    },
    "title": {
      "text": "Harder Than it Looks"
    },
    "description": {
      "text": "Get ahold of some rabbit stew"
    },
    "frame": "task",
    "show_toast": true,
    "announce_to_chat": true,
    "hidden": false
  },
  "criteria": {
    "has_rabbit_stew": {
      "trigger": "minecraft:inventory_changed",
      "conditions": {
        "items": [
          {
            "item": "minecraft:rabbit_stew"
          }
        ]
      }
    }
  }
}