{
  "type": "minecraft:the_end",
  "generator": {
    "biome_source": {
      "type": "minecraft:multi_noise",
      "seed": 16,
      "altitude_noise": {
        "firstOctave": -7,
        "amplitudes": [
          1,
          1
        ]
      },
      "temperature_noise": {
        "firstOctave": -7,
        "amplitudes": [
          1,
          1
        ]
      },
      "humidity_noise": {
        "firstOctave": -7,
        "amplitudes": [
          1,
          1
        ]
      },
      "weirdness_noise": {
        "firstOctave": -7,
        "amplitudes": [
          1,
          1
        ]
      },
      "biomes": [
        {
          "biome": "far_end:snowy_warped_forest",
          "parameters": {
            "altitude": 0,
            "temperature": 0,
            "humidity": 0,
            "weirdness": 1,
            "offset": 0
          }
        },
        {
          "biome": "far_end:ender_waste",
          "parameters": {
            "altitude": 0,
            "temperature": 0,
            "humidity": 1,
            "weirdness": 0,
            "offset": 0
          }
        },
        {
          "biome": "far_end:ashfall_marshland",
          "parameters": {
            "altitude": 0,
            "temperature": 1,
            "humidity": 0,
            "weirdness": 0,
            "offset": 0
          }
        },
        {
          "biome": "far_end:amethyst_forest",
          "parameters": {
            "altitude": 1,
            "temperature": 0,
            "humidity": 0,
            "weirdness": 0,
            "offset": 0
          }
        }
      ]
    },
    "seed": 0,
    "settings": "far_end:far_end",
    "type": "minecraft:noise"
  }
}
