{
  "parent": "far_end:story/kill_dragon",
  "display": {
    "icon": {
      "item": "minecraft:dragon_egg"
    },
    "title": {
      "translate": "advancements.end.dragon_egg.title"
    },
    "description": {
      "translate": "advancements.end.dragon_egg.description"
    },
    "frame": "goal",
    "show_toast": false,
    "announce_to_chat": false,
    "hidden": false
  },
  "criteria": {
    "dragon_egg": {
      "trigger": "minecraft:inventory_changed",
      "conditions": {
        "items": [
          {
            "item": "minecraft:dragon_egg"
          }
        ]
      }
    }
  },
  "requirements": [
    [
      "dragon_egg"
    ]
  ]
}
