{
  "display": {
    "icon": {
      "item": "minecraft:warped_nylium"
    },
    "title": "Snowy Warped Forest",
    "description": "A warped forest of the nether, now slowly cooling down",
    "frame": "task",
    "show_toast": true,
    "announce_to_chat": true,
    "hidden": false
  },
  "parent": "far_end:story/ender_waste",
  "criteria": {
    "requirement": {
      "trigger": "minecraft:location",
      "conditions": {
        "location": {
          "biome": "far_end:snowy_warped_forest"
        }
      }
    }
  }
}
