{
  "criteria": {
    "requirement": {
      "trigger": "minecraft:entity_hurt_player",
      "conditions": {
        "player": {
          "flags": {
            "is_sneaking": false
          }
        },
        "damage": {
          "dealt": {
            "min": 4,
            "max": 256
          },
          "blocked": true,
          "type": {
            "is_magic": false,
            "is_projectile": false
          }
        }
      }
    }
  },
  "rewards": {
    "function": "combet:shields/blocked_damage_while_uncrouched"
  }
}