{
  "pools": [
    {
      "rolls": 2,
      "entries": [
        {
          "type": "minecraft:item",
          "name": "gold_nugget",
          "weight": 5,
          "functions": [
            {
              "function": "minecraft:set_count",
              "count": {
                "min": 10,
                "max": 20
              }
            }
          ]
        },
        {
          "type": "minecraft:item",
          "name": "glass_bottle",
          "weight": 2,
          "functions": [
            {
              "function": "minecraft:set_count",
              "count": {
                "min": 1,
                "max": 4
              }
            }
          ]
        },
        {
          "type": "minecraft:item",
          "name": "string",
          "weight": 2,
          "functions": [
            {
              "function": "minecraft:set_count",
              "count": {
                "min": 3,
                "max": 6
              }
            }
          ]
        },
        {
          "type": "minecraft:item",
          "name": "netherrack",
          "weight": 2,
          "functions": [
            {
              "function": "minecraft:set_count",
              "count": {
                "min": 5,
                "max": 10
              }
            }
          ]
        },
        {
          "type": "minecraft:item",
          "name": "porkchop",
          "weight": 5,
          "functions": [
            {
              "function": "minecraft:set_count",
              "count": {
                "min": 1,
                "max": 4
              }
            }
          ]
        },
        {
          "type": "minecraft:item",
          "name": "rotten_flesh",
          "weight": 10,
          "functions": [
            {
              "function": "minecraft:set_count",
              "count": {
                "min": 5,
                "max": 10
              }
            }
          ]
        },
        {
          "type": "minecraft:item",
          "name": "potion",
          "weight": 4,
          "functions": [
            {
              "function": "minecraft:set_nbt",
              "tag": "{Potion:\"minecraft:water\"}"
            }
          ]
        }
      ]
    },
    {
      "rolls": 4,
      "entries": [
        {
          "type": "minecraft:item",
          "name": "leather",
          "weight": 3,
          "functions": [
            {
              "function": "minecraft:set_count",
              "count": {
                "min": 1,
                "max": 3
              }
            }
          ]
        },
        {
          "type": "minecraft:item",
          "name": "gravel",
          "weight": 1,
          "functions": [
            {
              "function": "minecraft:set_count",
              "count": {
                "min": 7,
                "max": 16
              }
            }
          ]
        },
        {
          "type": "minecraft:item",
          "name": "magma_cream",
          "weight": 1,
          "functions": [
            {
              "function": "minecraft:set_count",
              "count": {
                "min": 1,
                "max": 2
              }
            }
          ]
        }
      ]
    },
    {
      "rolls": 1,
      "entries": [
        {
          "type": "minecraft:item",
          "name": "golden_sword",
          "weight": 2,
          "functions": [
            {
              "function": "minecraft:set_damage",
              "damage": {
                "min": 0,
                "max": 1
              }
            },
            {
              "function": "minecraft:enchant_with_levels",
              "levels": {
                "min": 1,
                "max": 15
              },
              "treasure": true,
              "conditions": [
                {
                  "condition": "minecraft:random_chance",
                  "chance": 0.1
                }
              ]
            }
          ]
        },
        {
          "type": "minecraft:item",
          "name": "golden_axe",
          "weight": 2,
          "functions": [
            {
              "function": "minecraft:set_damage",
              "damage": {
                "min": 0,
                "max": 1
              }
            },
            {
              "function": "minecraft:enchant_with_levels",
              "levels": {
                "min": 1,
                "max": 15
              },
              "treasure": true,
              "conditions": [
                {
                  "condition": "minecraft:random_chance",
                  "chance": 0.1
                }
              ]
            }
          ]
        },
        {
          "type": "minecraft:item",
          "name": "golden_pickaxe",
          "weight": 2,
          "functions": [
            {
              "function": "minecraft:set_damage",
              "damage": {
                "min": 0,
                "max": 1
              }
            },
            {
              "function": "minecraft:enchant_with_levels",
              "levels": {
                "min": 1,
                "max": 15
              },
              "treasure": true,
              "conditions": [
                {
                  "condition": "minecraft:random_chance",
                  "chance": 0.1
                }
              ]
            }
          ]
        },
        {
          "type": "minecraft:item",
          "name": "golden_shovel",
          "weight": 2,
          "functions": [
            {
              "function": "minecraft:set_damage",
              "damage": {
                "min": 0,
                "max": 1
              }
            },
            {
              "function": "minecraft:enchant_with_levels",
              "levels": {
                "min": 1,
                "max": 15
              },
              "treasure": true,
              "conditions": [
                {
                  "condition": "minecraft:random_chance",
                  "chance": 0.1
                }
              ]
            }
          ]
        },
        {
          "type": "minecraft:item",
          "name": "golden_helmet",
          "weight": 2,
          "functions": [
            {
              "function": "minecraft:set_damage",
              "damage": {
                "min": 0,
                "max": 1
              }
            },
            {
              "function": "minecraft:enchant_with_levels",
              "levels": {
                "min": 1,
                "max": 15
              },
              "treasure": true,
              "conditions": [
                {
                  "condition": "minecraft:random_chance",
                  "chance": 0.1
                }
              ]
            }
          ]
        },
        {
          "type": "minecraft:item",
          "name": "golden_boots",
          "weight": 2,
          "functions": [
            {
              "function": "minecraft:set_damage",
              "damage": {
                "min": 0,
                "max": 1
              }
            },
            {
              "function": "minecraft:enchant_with_levels",
              "levels": {
                "min": 1,
                "max": 15
              },
              "treasure": true,
              "conditions": [
                {
                  "condition": "minecraft:random_chance",
                  "chance": 0.1
                }
              ]
            }
          ]
        },
        {
          "type": "minecraft:item",
          "name": "golden_leggings",
          "weight": 2,
          "functions": [
            {
              "function": "minecraft:set_damage",
              "damage": {
                "min": 0,
                "max": 1
              }
            },
            {
              "function": "minecraft:enchant_with_levels",
              "levels": {
                "min": 1,
                "max": 15
              },
              "treasure": true,
              "conditions": [
                {
                  "condition": "minecraft:random_chance",
                  "chance": 0.1
                }
              ]
            }
          ]
        },
        {
          "type": "minecraft:item",
          "name": "golden_helmet",
          "weight": 2,
          "functions": [
            {
              "function": "minecraft:set_damage",
              "damage": {
                "min": 0,
                "max": 1
              }
            },
            {
              "function": "minecraft:enchant_with_levels",
              "levels": {
                "min": 1,
                "max": 15
              },
              "treasure": true,
              "conditions": [
                {
                  "condition": "minecraft:random_chance",
                  "chance": 0.1
                }
              ]
            }
          ]
        },
        {
          "type": "minecraft:item",
          "name": "golden_chestplate",
          "weight": 2,
          "functions": [
            {
              "function": "minecraft:set_damage",
              "damage": {
                "min": 0,
                "max": 1
              }
            },
            {
              "function": "minecraft:enchant_with_levels",
              "levels": {
                "min": 1,
                "max": 15
              },
              "treasure": true,
              "conditions": [
                {
                  "condition": "minecraft:random_chance",
                  "chance": 0.1
                }
              ]
            }
          ]
        }
      ]
    }
  ]
}