{
  "type": "minecraft:blasting",
  "ingredient": [
    {
      "item": "minecraft:iron_helmet"
    },
    {
      "item": "minecraft:iron_leggings"
    },
    {
      "item": "minecraft:iron_boots"
    },
    {
      "item": "minecraft:iron_chestplate"
    },
    {
      "item": "minecraft:iron_horse_armor"
    },
    {
      "item": "minecraft:iron_trapdoor"
    },
    {
      "item": "minecraft:iron_door"
    },
    {
      "item": "minecraft:compass"
    },
    {
      "item": "minecraft:bucket"
    },
    {
      "item": "minecraft:cauldron"
    },
    {
      "item": "minecraft:damaged_anvil"
    }
  ],
  "result": "minecraft:iron_ingot",
  "experience": 0.1,
  "cookingtime": 100
}