{"type":"chest","pools":[{"rolls":{"min":3,"max":4},"entries":[{"type":"item","weight":30,"name":"minecraft:iron_ore","functions":[{"function":"set_count","count":{"min":8,"max":16}}]},{"type":"item","weight":10,"name":"minecraft:gold_ore","functions":[{"function":"set_count","count":{"min":8,"max":16}}]},{"type":"item","weight":1,"name":"minecraft:diamond","functions":[{"function":"set_count","count":{"min":3,"max":5}}]},{"type":"item","weight":30,"name":"minecraft:coal","functions":[{"function":"set_count","count":{"min":8,"max":24}}]}]},{"rolls":{"min":2,"max":3},"entries":[{"type":"item","weight":80,"name":"minecraft:bone","functions":[{"function":"set_count","count":{"min":1,"max":6}}]},{"type":"item","weight":20,"name":"minecraft:bone_block","functions":[{"function":"set_count","count":{"min":1,"max":3}}]}]}]}
