{
  "type": "minecraft:block",
  "pools": [
    {
      "rolls": 1,
      "bonus_rolls": 0,
      "entries": [
        {
          "type": "minecraft:alternatives",
          "children": [
            {
              "type": "minecraft:item",
              "name": "minecraft:granite",
              "conditions": [
                {
                  "condition": "minecraft:match_tool",
                  "predicate": {
                    "enchantments": [
                      {
                        "enchantment": "minecraft:silk_touch",
                        "levels": {
                          "min": 1
                        }
                      }
                    ]
                  }
                }
              ]
            },
            {
              "type": "minecraft:group",
              "children": [
                {
                  "type": "minecraft:item",
                  "name": "minecraft:cobblestone"
                }
              ]
            }
          ]
        }
      ]
    },
    {
      "rolls": 1,
      "bonus_rolls": 0,
      "entries": [
        {
          "type": "minecraft:alternatives",
          "children": [
            {
              "type": "minecraft:empty",
              "conditions": [
                {
                  "condition": "minecraft:random_chance",
                  "chance": 0.85
                }
              ]
            },
            {
              "type": "minecraft:item",
              "name": "minecraft:quartz",
              "functions": [
                {
                  "function": "minecraft:set_name",
                  "name": {
                    "text": "Quartz",
                    "italic": false
                  }
                },
                {
                  "function": "minecraft:set_nbt",
                  "tag": "{CustomModelData:101}"
                }
              ]
            }
          ]
        }
      ],
      "conditions": [
        {
          "condition": "minecraft:inverted",
          "term": {
            "condition": "minecraft:match_tool",
            "predicate": {
              "enchantments": [
                {
                  "enchantment": "minecraft:silk_touch",
                  "levels": {
                    "min": 1
                  }
                }
              ]
            }
          }
        }
      ]
    }
  ]
}