{
  "type": "minecraft:block",
  "pools": [
    {
      "rolls": 1,
      "bonus_rolls": 0,
      "entries": [
        {
          "type": "minecraft:alternatives",
          "children": [
            {
              "type": "minecraft:item",
              "name": "minecraft:poisonous_potato",
              "conditions": [
                {
                  "condition": "minecraft:random_chance",
                  "chance": 0.05
                },
                {
                  "condition": "minecraft:inverted",
                  "term": {
                    "condition": "minecraft:alternative",
                    "terms": [
                      {
                        "condition": "minecraft:match_tool",
                        "predicate": {
                          "item": "minecraft:netherite_hoe"
                        }
                      },
                      {
                        "condition": "minecraft:match_tool",
                        "predicate": {
                          "item": "minecraft:diamond_hoe"
                        }
                      },
                      {
                        "condition": "minecraft:match_tool",
                        "predicate": {
                          "item": "minecraft:iron_hoe"
                        }
                      },
                      {
                        "condition": "minecraft:match_tool",
                        "predicate": {
                          "item": "minecraft:golden_hoe"
                        }
                      },
                      {
                        "condition": "minecraft:match_tool",
                        "predicate": {
                          "item": "minecraft:stone_hoe"
                        }
                      },
                      {
                        "condition": "minecraft:match_tool",
                        "predicate": {
                          "item": "minecraft:wooden_hoe"
                        }
                      }
                    ]
                  }
                }
              ]
            },
            {
              "type": "minecraft:item",
              "name": "minecraft:potato"
            }
          ]
        }
      ]
    },
    {
      "rolls": 1,
      "bonus_rolls": 0,
      "entries": [
        {
          "type": "minecraft:item",
          "name": "minecraft:potato"
        }
      ],
      "conditions": [
        {
          "condition": "minecraft:block_state_property",
          "block": "minecraft:potatoes",
          "properties": {
            "age": "7"
          }
        }
      ]
    },
    {
      "rolls": 1,
      "bonus_rolls": 0,
      "entries": [
        {
          "type": "minecraft:item",
          "name": "minecraft:potato"
        }
      ],
      "conditions": [
        {
          "condition": "minecraft:block_state_property",
          "block": "minecraft:potatoes",
          "properties": {
            "age": "7"
          }
        },
        {
          "condition": "minecraft:random_chance",
          "chance": 0.25
        }
      ]
    },
    {
      "rolls": 1,
      "bonus_rolls": 0,
      "entries": [
        {
          "type": "minecraft:item",
          "name": "minecraft:potato",
          "functions": [
            {
              "function": "minecraft:set_count",
              "count": {
                "type": "minecraft:uniform",
                "min": 1,
                "max": 2
              }
            }
          ]
        }
      ],
      "conditions": [
        {
          "condition": "minecraft:table_bonus",
          "enchantment": "minecraft:fortune",
          "chances": [
            0.4,
            0.6,
            0.8,
            1
          ]
        },
        {
          "condition": "minecraft:alternative",
          "terms": [
            {
              "condition": "minecraft:match_tool",
              "predicate": {
                "item": "minecraft:netherite_hoe"
              }
            },
            {
              "condition": "minecraft:match_tool",
              "predicate": {
                "item": "minecraft:diamond_hoe"
              }
            },
            {
              "condition": "minecraft:match_tool",
              "predicate": {
                "item": "minecraft:iron_hoe"
              }
            },
            {
              "condition": "minecraft:match_tool",
              "predicate": {
                "item": "minecraft:golden_hoe"
              }
            },
            {
              "condition": "minecraft:match_tool",
              "predicate": {
                "item": "minecraft:stone_hoe"
              }
            },
            {
              "condition": "minecraft:match_tool",
              "predicate": {
                "item": "minecraft:wooden_hoe"
              }
            }
          ]
        },
        {
          "condition": "minecraft:block_state_property",
          "block": "minecraft:potatoes",
          "properties": {
            "age": "7"
          }
        }
      ]
    }
  ],
  "functions": [
    {
      "function": "minecraft:explosion_decay"
    }
  ]
}