{
  "type": "minecraft:block",
  "pools": [
    {
      "rolls": 1,
      "bonus_rolls": 0.0,
      "entries": [
        {
          "type": "minecraft:alternatives",
          "children": [
            {
              "type": "minecraft:item",
              "conditions": [
                {
                  "condition": "minecraft:match_tool",
                  "predicate": {
                    "enchantments": [
                      {
                        "enchantment": "minecraft:silk_touch",
                        "levels": {
                          "min": 1
                        }
                      }
                    ]
                  }
                }
              ],
              "name": "minecraft:sea_lantern"
            },
            {
              "type": "minecraft:group",
              "children": [
                {
                  "type": "minecraft:item",
                  "functions": [
                    {
                      "function": "minecraft:set_count",
                      "count": {
                        "min": 3.0,
                        "max": 5.0,
                        "type": "minecraft:uniform"
                      }
                    }
                  ],
                  "name": "minecraft:prismarine_crystals"
                }
              ]
            }
          ]
        }
      ]
    },
    {
      "rolls": 1,
      "bonus_rolls": 0.0,
      "entries": [
        {
          "type": "minecraft:alternatives",
          "children": [
            {
              "type": "minecraft:empty",
              "conditions": [
                {
                  "condition": "minecraft:match_tool",
                  "predicate": {
                    "enchantments": [
                      {
                        "enchantment": "minecraft:silk_touch",
                        "levels": {
                          "min": 1
                        }
                      }
                    ]
                  }
                }
              ]
            },
            {
                  "type": "minecraft:item",
                  "functions": [
                    {
                      "function": "minecraft:set_count",
                      "count": {
                        "min": 2.0,
                        "max": 4.0,
                        "type": "minecraft:uniform"
                      }
                    }
                  ],
                  "name": "minecraft:prismarine_shard"
            }
          ]
        }
      ]
    }
  ]
}