{
  "type": "minecraft:block",
  "pools": [
    {
      "rolls": 1.0,
      "bonus_rolls": 0.0,
      "entries": [
        {
          "type": "minecraft:item",
          "name": "minecraft:sweet_berries"
        }
      ],
      "conditions": [
        {
          "condition": "minecraft:block_state_property",
          "block": "minecraft:sweet_berry_bush",
          "properties": {
            "age": "3"
          }
        }
      ],
      "functions": [
        {
          "function": "minecraft:set_count",
          "count": {
            "min": 1.0,
            "max": 2.0,
            "type": "minecraft:uniform"
          }
        }
      ]
    },
    {
      "rolls": 1.0,
      "bonus_rolls": 0.0,
      "entries": [
        {
          "type": "minecraft:item",
          "name": "minecraft:sweet_berries"
        }
      ],
      "conditions": [
        {
          "condition": "minecraft:block_state_property",
          "block": "minecraft:sweet_berry_bush",
          "properties": {
            "age": "2"
          }
        }
      ],
      "functions": [
        {
          "function": "minecraft:set_count",
          "count": {
            "min": 0.0,
            "max": 1.0,
            "type": "minecraft:uniform"
          }
        }
      ]
    }
  ],
  "functions": [
    {
      "function": "minecraft:explosion_decay"
    }
  ]
}