{"type":"chest","pools":[{"rolls":{"min":3,"max":5},"bonus_rolls":{"min":1,"max":2},"entries":[{"type":"item","weight":40,"name":"minecraft:golden_apple","functions":[{"function":"set_count","count":1}]},{"type":"item","weight":2,"name":"minecraft:enchanted_golden_apple","functions":[{"function":"set_count","count":1}]},{"type":"item","weight":5,"name":"minecraft:apple","functions":[{"function":"set_count","count":1},{"function":"set_nbt","tag":"{Enchantments:[{}]}"},{"function":"set_name","name":[{"text":"The Forbidden Apple","color":"light_purple","italic":false}]},{"function":"set_lore","lore":[{"text":"+1 Vitality","color":"blue","italic":false}]}]},{"type":"item","weight":3,"name":"minecraft:sweet_berries","functions":[{"function":"set_count","count":1},{"function":"set_nbt","tag":"{Enchantments:[{}]}"},{"function":"set_name","name":[{"text":"The Forbidden Berries","color":"light_purple","italic":false}]},{"function":"set_lore","lore":[{"text":"+3 Vitality","color":"blue","italic":false}]}]},{"type":"item","weight":50,"name":"minecraft:apple","functions":[{"function":"set_count","count":1}]}]},{"rolls":2,"bonus_rolls":{"min":1,"max":2},"entries":[{"type":"item","weight":1,"name":"minecraft:potion","functions":[{"function":"set_count","count":1},{"function":"set_nbt","tag":"{CustomPotionEffects:[{Id:26b,Amplifier:0b,Duration:6000},{Id:32b,Amplifier:0b,Duration:6000}],CustomPotionColor:7864064}"},{"function":"set_name","name":[{"text":"Clover Potion","color":"gold","italic":false}]}]},{"type":"item","weight":1,"name":"minecraft:potion","functions":[{"function":"set_count","count":1},{"function":"set_nbt","tag":"{CustomPotionEffects:[{Id:6b,Amplifier:2b,Duration:1}],CustomPotionColor:16262179}"},{"function":"set_name","name":[{"text":"Potion of Healing","color":"gold","italic":false}]}]},{"type":"item","weight":1,"name":"minecraft:potion","functions":[{"function":"set_count","count":1},{"function":"set_nbt","tag":"{CustomPotionEffects:[{Id:1b,Amplifier:0b,Duration:3600},{Id:5b,Amplifier:0b,Duration:3600}],CustomPotionColor:10027008}"},{"function":"set_name","name":[{"text":"Rage Potion","color":"gold","italic":false}]}]},{"type":"item","weight":1,"name":"minecraft:splash_potion","functions":[{"function":"set_count","count":1},{"function":"set_nbt","tag":"{CustomPotionEffects:[{Id:2b,Amplifier:3b,Duration:6000},{Id:18b,Amplifier:0b,Duration:6000}],CustomPotionColor:4738376}"},{"function":"set_name","name":[{"text":"Curing Potion","color":"gold","italic":false}]}]},{"type":"item","weight":1,"name":"minecraft:potion","functions":[{"function":"set_count","count":1},{"function":"set_nbt","tag":"{CustomPotionEffects:[{Id:14b,Amplifier:0b,Duration:9600},{Id:16b,Amplifier:0b,Duration:9600},{Id:31b,Amplifier:0b,Duration:9600}],CustomPotionColor:4419584}"},{"function":"set_name","name":[{"text":"Potion of Roofed Forest","color":"gold","italic":false}]}]}]},{"rolls":{"min":4,"max":6},"bonus_rolls":{"min":1,"max":2},"entries":[{"type":"item","weight":1,"name":"minecraft:potion","functions":[{"function":"set_count","count":1},{"function":"set_nbt","tag":"{Potion:\"minecraft:strong_healing\"}"}]},{"type":"item","weight":1,"name":"minecraft:potion","functions":[{"function":"set_count","count":1},{"function":"set_nbt","tag":"{Potion:\"minecraft:long_night_vision\"}"}]},{"type":"item","weight":1,"name":"minecraft:potion","functions":[{"function":"set_count","count":1},{"function":"set_nbt","tag":"{Potion:\"minecraft:strong_swiftness\"}"}]}]}]}
