{
  "parent": "minecraft:recipes/root",
  "rewards": {
    "recipes": [
      "subtlelties:sticks_from_logs"
    ]
  },
  "criteria": {
    "has_wood": {
      "trigger": "minecraft:inventory_changed",
      "conditions": {
        "items": [
          {
            "tag": "minecraft:logs"
          }
        ]
      }
    },
    "has_the_recipe": {
      "trigger": "minecraft:recipe_unlocked",
      "conditions": {
        "recipe": "subtlelties:sticks_from_logs"
      }
    }
  },
  "requirements": [
    [
      "has_wood",
      "has_the_recipe"
    ]
  ]
}