{
    "display": {
        "title": {
            "text": "Grey or Gray?"
        },
        "description": {
            "text": "Visit the grave once more"
        },
        "icon": {
            "item": "minecraft:bone"
        },
        "frame": "task",
        "show_toast": true,
        "announce_to_chat": true,
        "hidden": false
    },
    "parent": "custom:story/heir_of_hunter",
    "criteria": {
        "grey": {
            "trigger": "minecraft:impossible"
        }
    }
}
