{
    "display": {
        "title": {
            "text": "Illusionist"
        },
        "description": {
            "text": "Find and stop the mastermind of illegers from raiding the villages"
        },
        "icon": {
          "item": "minecraft:painting"
        },
        "frame": "task",
        "show_toast": true,
        "announce_to_chat": true,
        "hidden": false
    },
    "parent": "custom:story/gallery_of_illusion",
    "criteria": {
        "kill illusionist": {
            "trigger": "minecraft:player_killed_entity",
            "conditions": {
                "entity": {
                    "type": "minecraft:illusioner",
                    "nbt": "{Tags:[\"illusioned_gallery\"]}",
                    "distance": {
                        "absolute": {
                            "min": 0,
                            "max": 64
                        }
                    }
                }
            }
        }
    }
}
